work_id	workno	score	matched_field
4	VJ013550	1.00	ja
6	VJ013975	1.00	ja
8	VJ013197	1.00	ja
10	RJ297925	1.00	ja
12	VJ014002	1.00	ja
13	VJ002337	1.00	ja
16	VJ015422	1.00	ja
17	VJ013906	1.00	ja
28	VJ013367	1.00	ja
29	VJ011419	1.00	ja
34	VJ014408	1.00	ja
35	VJ014408	1.00	ja
36	VJ014408	1.00	ja
37	VJ014408	1.00	ja
38	VJ014408	1.00	ja
40	VJ011359	1.00	ja
41	VJ015604	1.00	ja
48	VJ011358	1.00	ja
50	VJ011031	1.00	ja
60	VJ006119	1.00	en
65	VJ006855	1.00	ja
66	VJ007437	1.00	ja
67	VJ009474	1.00	ja
68	VJ011525	1.00	ja
69	VJ013692	1.00	ja
76	RJ215863	1.00	ja
77	VJ008661	1.00	ja
78	RJ243732	1.00	ja
85	VJ010348	1.00	en
87	VJ012658	1.00	en
89	VJ012243	1.00	ja
90	VJ010018	1.00	ja
91	VJ011306	1.00	ja
94	RJ144678	1.00	alias
95	RJ170327	1.00	ja
96	RJ200500	1.00	ja
97	RJ307838	0.95	ja
104	VJ009683	1.00	ja
107	VJ005834	1.00	ja
109	RJ083753	1.00	ja
111	RJ081727	1.00	ja
113	VJ008455	1.00	en
114	VJ007197	1.00	en
116	VJ008347	1.00	ja
121	VJ009030	1.00	en
128	RJ170438	1.00	ja
136	RJ033572	1.00	ja
138	VJ007865	1.00	ja
140	VJ013777	1.00	ja
141	VJ010347	1.00	alias
142	VJ015744	1.00	ja
146	VJ009212	1.00	ja
151	RJ192524	1.00	ja
152	RJ275492	1.00	ja
153	RJ148522	1.00	ja
154	RJ181679	1.00	ja
155	RJ382027	1.00	ja
156	RJ243999	1.00	ja
157	RJ217278	1.00	ja
158	VJ007528	1.00	ja
161	RJ393720	1.00	alias
163	VJ004186	1.00	ja
165	VJ002705	1.00	en
166	VJ004167	1.00	zh
168	VJ005294	1.00	en
175	VJ011316	1.00	ja
176	VJ011647	1.00	ja
179	RJ01058914	1.00	alias
191	VJ013421	1.00	en
192	VJ014144	1.00	en
194	VJ009644	1.00	ja
195	VJ014985	1.00	en
196	VJ010327	1.00	ja
197	VJ014687	1.00	ja
198	VJ014860	1.00	en
200	VJ004651	1.00	alias
204	VJ014636	1.00	en
212	RJ038541	1.00	ja
213	VJ010584	1.00	ja
229	VJ013213	1.00	ja
230	VJ012917	1.00	ja
232	VJ006748	1.00	ja
236	VJ009104	1.00	alias
241	VJ012525	1.00	ja
245	RJ246645	1.00	en
253	VJ007330	1.00	ja
256	VJ009819	1.00	ja
259	VJ010744	1.00	en
260	RJ258362	1.00	ja
270	VJ007647	1.00	ja
271	VJ008868	1.00	ja
274	VJ012598	1.00	alias
275	VJ013405	1.00	alias
276	VJ008725	1.00	zh
280	VJ010255	1.00	ja
283	VJ011317	1.00	ja
284	VJ010262	1.00	ja
289	VJ013115	1.00	en
291	VJ010894	0.73	en
296	VJ014134	1.00	ja
298	VJ015652	1.00	ja
300	VJ013684	1.00	alias
302	VJ011289	1.00	alias
304	VJ011385	1.00	ja
309	VJ003455	1.00	ja
311	VJ012131	1.00	ja
316	VJ009940	1.00	en
320	RJ427484	1.00	ja
321	RJ01143540	1.00	ja
323	RJ082981	1.00	ja
325	VJ007851	1.00	ja
326	RJ153310	1.00	ja
332	RJ01063798	1.00	ja
334	RJ01106142	1.00	ja
335	VJ013711	1.00	alias
336	VJ014778	1.00	ja
338	VJ010335	1.00	ja
342	VJ010252	1.00	ja
353	VJ009524	1.00	ja
355	VJ014684	0.96	alias
356	RJ216322	1.00	ja
359	RJ190066	1.00	ja
360	RJ040728	1.00	ja
361	RJ065609	1.00	ja
362	RJ088519	1.00	ja
363	RJ059169	1.00	ja
366	VJ013433	1.00	ja
369	RJ395199	1.00	ja
370	VJ008384	1.00	ja
371	VJ013699	1.00	ja
377	VJ015378	1.00	alias
379	VJ008030	1.00	ja
382	VJ012519	1.00	ja
386	VJ010828	0.95	ja
388	RJ270440	1.00	ja
391	RJ059910	1.00	ja
392	VJ006554	1.00	en
393	VJ006555	1.00	en
394	VJ006763	1.00	en
395	VJ003644	1.00	ja
396	VJ003918	1.00	ja
397	VJ011387	1.00	ja
399	VJ006603	1.00	ja
400	VJ005001	1.00	ja
401	VJ008114	1.00	ja
402	VJ014786	1.00	ja
404	VJ004478	1.00	ja
406	VJ006891	1.00	ja
409	VJ008731	1.00	ja
412	RJ240346	1.00	ja
414	VJ009986	1.00	ja
417	VJ012637	1.00	zh
418	VJ013834	0.75	zh
419	VJ007731	1.00	zh
420	VJ011275	1.00	zh
421	VJ010863	1.00	zh
422	VJ008761	1.00	zh
423	VJ006538	1.00	ja
427	VJ013027	1.00	ja
428	VJ014037	1.00	ja
429	VJ015249	1.00	ja
436	VJ012176	1.00	ja
437	VJ012868	1.00	ja
442	VJ010082	1.00	ja
448	VJ011969	1.00	ja
453	VJ012614	1.00	ja
455	VJ011945	1.00	ja
456	VJ010715	1.00	ja
457	VJ014118	1.00	ja
459	VJ005187	1.00	ja
460	VJ011474	1.00	ja
461	VJ008809	0.98	ja
462	VJ006276	1.00	ja
464	RJ026196	1.00	ja
466	VJ015476	1.00	ja
468	VJ010567	1.00	ja
470	VJ013406	1.00	ja
471	VJ014380	1.00	ja
472	VJ015576	1.00	ja
473	VJ014649	1.00	ja
475	VJ008729	1.00	ja
476	VJ009824	1.00	ja
477	VJ009823	1.00	ja
481	RJ271624	1.00	ja
482	RJ369269	1.00	ja
483	RJ299486	1.00	zh
484	RJ280218	1.00	zh
485	RJ309243	1.00	ja
486	RJ317111	1.00	ja
487	RJ336790	1.00	zh
488	RJ327176	1.00	ja
497	RJ197770	1.00	ja
498	VJ014580	1.00	ja
500	VJ011634	1.00	ja
501	VJ011208	1.00	ja
502	VJ010600	1.00	ja
503	VJ011651	1.00	ja
504	VJ011633	1.00	ja
537	VJ015104	1.00	ja
540	VJ011000	1.00	ja
549	VJ011410	0.92	ja
551	VJ002559	0.90	ja
552	VJ004438	1.00	ja
553	VJ007036	1.00	ja
557	VJ007902	1.00	ja
559	VJ009553	1.00	ja
563	VJ008637	1.00	ja
564	VJ006497	1.00	ja
566	VJ004938	0.77	ja
567	VJ012123	1.00	ja
568	VJ008529	1.00	alias
569	VJ011759	1.00	alias
571	VJ013965	1.00	ja
584	VJ015188	1.00	ja
585	VJ015195	1.00	ja
586	VJ015194	1.00	ja
587	VJ013163	1.00	ja
588	VJ012351	1.00	ja
589	VJ011798	1.00	ja
590	VJ014803	1.00	ja
591	VJ010377	1.00	ja
592	VJ012604	1.00	ja
593	VJ010784	1.00	ja
594	VJ014808	1.00	ja
595	VJ015644	1.00	ja
601	VJ009245	1.00	ja
604	VJ005473	1.00	ja
606	RJ365062	1.00	ja
607	VJ006832	1.00	ja
608	RJ373005	1.00	ja
609	RJ01112520	1.00	ja
610	RJ01212507	1.00	en
611	RJ01060386	1.00	ja
612	RJ420175	1.00	alias
614	VJ011885	1.00	ja
615	VJ013773	1.00	ja
616	VJ007870	1.00	ja
625	RJ051173	1.00	ja
642	RJ083612	1.00	ja
646	VJ010686	1.00	ja
665	VJ012765	1.00	ja
666	VJ014099	1.00	ja
667	VJ014888	1.00	ja
671	VJ004282	1.00	ja
672	VJ012764	0.96	ja
676	RJ356899	1.00	ja
681	VJ008889	1.00	ja
686	VJ012485	1.00	ja
688	VJ012607	1.00	ja
689	VJ012808	1.00	ja
690	VJ013531	1.00	ja
712	VJ013932	1.00	ja
713	VJ014932	1.00	ja
714	VJ015675	1.00	ja
715	VJ011678	1.00	ja
716	VJ009745	1.00	ja
719	VJ012939	1.00	ja
728	VJ011308	1.00	ja
729	RJ01214934	1.00	ja
730	RJ262908	1.00	ja
731	RJ233889	1.00	ja
732	RJ185754	1.00	ja
733	RJ162097	1.00	ja
734	RJ079647	1.00	ja
735	RJ093972	1.00	ja
741	VJ008137	1.00	ja
742	VJ010806	1.00	ja
751	VJ010349	1.00	ja
754	VJ010273	1.00	ja
764	RJ280657	1.00	ja
765	VJ011811	1.00	ja
766	VJ010654	1.00	ja
769	RJ399143	1.00	ja
770	VJ011755	1.00	ja
778	RJ082257	1.00	ja
782	RJ382054	1.00	en
793	VJ010954	1.00	ja
800	VJ012558	1.00	ja
806	VJ006699	1.00	ja
807	RJ294560	1.00	ja
808	VJ004373	1.00	en
809	VJ005148	1.00	ja
813	RJ038558	1.00	ja
814	RJ042095	1.00	ja
815	RJ054062	1.00	ja
817	VJ008979	1.00	ja
820	VJ015804	1.00	ja
822	VJ010955	1.00	ja
823	VJ011205	1.00	ja
824	VJ011599	1.00	ja
825	VJ011985	1.00	ja
826	VJ012569	1.00	ja
827	VJ012570	1.00	ja
828	VJ013584	1.00	ja
829	VJ015118	1.00	ja
834	VJ003627	1.00	en
838	RJ249330	1.00	ja
839	VJ011271	1.00	ja
842	VJ009186	1.00	en
848	VJ008023	1.00	alias
849	VJ014860	1.00	en
862	VJ010098	1.00	ja
863	RJ408348	1.00	ja
864	VJ002520	1.00	ja
865	VJ003481	1.00	en
866	VJ002237	1.00	en
867	VJ002429	1.00	en
868	VJ006984	1.00	alias
869	VJ008888	1.00	alias
872	VJ006602	1.00	ja
874	VJ008694	1.00	ja
875	VJ009369	1.00	ja
880	VJ002789	1.00	en
884	VJ005277	1.00	ja
886	VJ004755	1.00	ja
892	RJ01318457	1.00	ja
893	VJ010188	1.00	ja
894	VJ009460	1.00	ja
895	VJ007073	1.00	ja
898	VJ007080	1.00	ja
899	VJ007533	1.00	ja
907	RJ01012429	1.00	ja
909	VJ010858	1.00	ja
910	VJ015595	1.00	ja
915	VJ010573	1.00	ja
916	VJ006640	1.00	ja
917	VJ014937	1.00	ja
920	VJ001237	1.00	alias
923	VJ005375	1.00	ja
926	VJ007463	1.00	ja
927	VJ010196	1.00	zh
928	VJ005373	0.62	ja
929	VJ011803	1.00	ja
930	VJ006843	1.00	ja
933	VJ014738	1.00	ja
935	VJ003995	1.00	alias
939	VJ009220	1.00	ja
941	VJ012466	1.00	ja
944	VJ006878	1.00	en
945	VJ001614	1.00	en
951	VJ014500	1.00	ja
955	VJ007495	1.00	ja
956	VJ009720	1.00	ja
962	RJ076967	1.00	ja
963	VJ012350	1.00	ja
964	VJ009608	1.00	ja
965	VJ013171	1.00	ja
966	VJ013522	1.00	ja
968	VJ005213	1.00	ja
969	RJ299604	1.00	ja
971	VJ006231	0.67	zh
972	RJ158166	1.00	ja
980	VJ007362	1.00	alias
982	VJ012571	1.00	ja
983	VJ013513	1.00	ja
988	VJ011597	1.00	ja
993	RJ250595	1.00	ja
997	VJ015617	1.00	ja
1002	VJ003809	1.00	ja
1010	VJ010438	1.00	ja
1013	RJ041947	1.00	ja
1014	RJ146230	1.00	ja
1021	VJ006929	1.00	ja
1023	VJ014640	1.00	ja
1027	RJ321730	1.00	ja
1028	VJ013815	1.00	ja
1029	VJ013813	1.00	ja
1030	VJ013814	1.00	ja
1031	VJ013816	1.00	ja
1033	RJ190193	1.00	ja
1034	RJ405243	1.00	ja
1035	RJ01015758	1.00	ja
1046	RJ173185	1.00	ja
1054	VJ014560	1.00	ja
1058	VJ001771	1.00	en
1075	VJ009832	1.00	ja
1082	VJ007750	1.00	ja
1084	VJ003490	1.00	ja
1087	RJ150384	1.00	ja
1088	RJ222062	1.00	ja
1089	RJ222970	1.00	ja
1090	RJ226128	1.00	ja
1091	RJ01186756	1.00	ja
1092	VJ012499	1.00	ja
1093	VJ010641	1.00	ja
1096	VJ008859	1.00	ja
1097	VJ014859	1.00	ja
1099	RJ301024	1.00	ja
1100	VJ006762	1.00	en
1101	VJ007374	1.00	alias
1110	VJ015261	1.00	ja
1114	VJ014658	1.00	ja
1117	VJ011421	1.00	ja
1120	RJ01189784	1.00	alias
1123	VJ012599	1.00	ja
1124	VJ010653	1.00	ja
1126	VJ008787	1.00	ja
1127	VJ007749	1.00	ja
1131	VJ007476	1.00	ja
1132	VJ007178	1.00	ja
1133	VJ014556	1.00	ja
1138	RJ296007	1.00	en
1139	VJ010966	1.00	ja
1140	VJ011457	1.00	ja
1142	VJ007927	1.00	ja
1144	VJ011392	1.00	zh
1150	VJ002025	1.00	ja
1152	RJ01341157	1.00	alias
1153	VJ007995	1.00	ja
1158	VJ010439	1.00	ja
1159	VJ011542	1.00	ja
1160	VJ011444	1.00	ja
1162	VJ006595	1.00	ja
1166	RJ01088788	1.00	ja
1170	VJ006209	1.00	ja
1172	VJ008933	0.97	ja
1177	VJ012919	1.00	zh
1179	VJ015025	1.00	ja
1180	VJ015404	1.00	ja
1182	VJ012407	1.00	ja
1183	VJ012082	1.00	ja
1186	RJ231948	1.00	ja
1187	VJ012401	1.00	alias
1188	VJ011568	1.00	alias
1190	RJ068350	1.00	ja
1192	RJ410787	1.00	ja
1195	VJ013654	1.00	ja
1196	VJ013653	1.00	ja
1197	VJ015377	1.00	ja
1200	VJ010487	1.00	ja
1210	VJ011615	1.00	ja
1217	VJ013727	1.00	ja
1219	VJ013728	1.00	ja
1220	VJ008161	1.00	ja
1221	VJ006886	1.00	ja
1222	VJ008261	1.00	ja
1227	VJ006569	1.00	ja
1228	VJ010510	1.00	ja
1233	VJ010331	1.00	ja
1235	VJ015588	0.92	ja
1237	VJ015694	1.00	ja
1241	RJ034739	1.00	ja
1242	VJ007356	1.00	ja
1251	VJ009810	1.00	en
1258	RJ01020541	1.00	ja
1267	VJ008117	1.00	ja
1269	VJ011262	1.00	ja
1270	VJ010508	1.00	ja
1271	VJ007259	1.00	ja
1274	VJ010219	1.00	ja
1275	VJ011375	1.00	ja
1276	VJ011451	1.00	ja
1277	VJ011592	1.00	ja
1278	VJ011725	1.00	ja
1280	VJ011977	1.00	ja
1281	VJ012064	1.00	ja
1282	VJ012209	1.00	ja
1283	VJ012325	1.00	ja
1284	VJ012432	1.00	ja
1285	VJ012670	1.00	ja
1286	VJ012879	1.00	ja
1287	VJ012993	1.00	ja
1288	VJ013122	1.00	ja
1289	VJ013689	1.00	ja
1290	VJ013891	1.00	ja
1291	VJ013961	1.00	ja
1292	VJ014634	1.00	ja
1293	VJ014782	1.00	ja
1294	VJ014933	1.00	ja
1295	VJ015125	1.00	ja
1296	VJ015653	1.00	ja
1297	VJ015784	1.00	ja
1303	VJ011648	1.00	ja
1304	VJ012877	1.00	ja
1315	RJ01222217	1.00	ja
1317	VJ012822	1.00	ja
1319	VJ011461	1.00	en
1320	VJ012980	1.00	ja
1323	VJ004746	1.00	ja
1324	VJ005696	1.00	ja
1328	VJ007312	1.00	ja
1329	VJ013486	1.00	ja
1330	VJ008011	1.00	ja
1331	VJ005215	1.00	ja
1332	VJ003950	1.00	ja
1333	VJ012271	1.00	ja
1335	RJ358705	1.00	en
1336	VJ013907	1.00	ja
1339	RJ01309156	1.00	ja
1341	VJ009437	1.00	ja
1345	VJ005108	1.00	ja
1346	VJ005370	1.00	ja
1347	VJ014374	1.00	ja
1348	RJ01294420	1.00	ja
1349	RJ111110	1.00	ja
1350	VJ004575	1.00	ja
1351	RJ291856	1.00	ja
1355	VJ013555	1.00	ja
1356	VJ009260	1.00	ja
1359	VJ001682	1.00	ja
1362	VJ010771	1.00	ja
1363	VJ014685	0.96	ja
1365	VJ002024	1.00	ja
1366	VJ014683	0.95	ja
1373	VJ014336	1.00	ja
1374	VJ010695	1.00	ja
1376	RJ047605	1.00	alias
1379	VJ010755	1.00	ja
1381	VJ007885	1.00	ja
1384	VJ013108	1.00	ja
1385	VJ014806	1.00	ja
1387	VJ010452	1.00	ja
1388	VJ014807	1.00	ja
1392	VJ014804	1.00	ja
1393	VJ014799	1.00	ja
1394	VJ014800	1.00	ja
1396	VJ014794	1.00	ja
1397	VJ011326	1.00	ja
1398	VJ014796	1.00	ja
1402	RJ328900	1.00	ja
1405	RJ031085	0.93	ja
1407	RJ047604	1.00	en
1409	RJ364465	1.00	ja
1416	RJ01239911	1.00	ja
1425	RJ01093457	1.00	ja
1427	VJ014934	1.00	ja
1431	VJ014098	1.00	ja
1433	VJ007508	1.00	ja
1440	VJ013933	1.00	ja
1447	VJ015387	1.00	ja
1456	RJ161756	1.00	ja
1458	VJ014021	1.00	ja
1461	VJ013398	1.00	alias
1464	RJ343825	1.00	ja
1465	VJ006332	1.00	ja
1466	VJ005023	1.00	ja
1467	VJ009277	1.00	ja
1468	VJ009820	1.00	ja
1469	VJ007923	1.00	ja
1471	VJ007799	1.00	ja
1476	VJ014550	1.00	ja
1479	VJ008500	1.00	ja
1480	VJ015690	1.00	ja
1481	VJ015705	1.00	ja
1483	VJ005251	1.00	ja
1484	RJ066016	1.00	ja
1485	VJ008445	1.00	ja
1489	VJ009542	1.00	ja
1494	RJ247186	1.00	en
1500	VJ011923	1.00	ja
1503	VJ005185	1.00	ja
1514	VJ005798	1.00	ja
1516	VJ006773	1.00	ja
1517	VJ011957	1.00	ja
1519	VJ002735	1.00	ja
1523	RJ272900	1.00	en
1524	RJ170840	1.00	en
1531	RJ204066	1.00	ja
1535	RJ126839	1.00	ja
1537	VJ008513	1.00	ja
1538	VJ006487	1.00	ja
1540	VJ015645	1.00	ja
1543	VJ009285	1.00	ja
1544	RJ219681	1.00	ja
1546	VJ010398	1.00	ja
1548	VJ010152	1.00	ja
1550	RJ174985	1.00	ja
1551	VJ012735	1.00	ja
1552	VJ012036	1.00	ja
1553	RJ298338	1.00	ja
1554	VJ015787	1.00	ja
1556	RJ01141121	1.00	ja
1564	VJ012676	1.00	ja
1565	RJ204938	1.00	ja
1566	RJ435614	1.00	ja
1567	VJ013564	1.00	ja
1568	RJ394799	1.00	ja
1569	RJ113708	1.00	ja
1570	RJ208246	1.00	ja
1572	VJ006571	1.00	ja
1573	VJ010346	1.00	ja
1575	VJ013720	1.00	ja
1576	RJ290194	1.00	ja
1578	VJ011156	1.00	ja
1581	RJ154958	1.00	ja
1583	VJ013583	1.00	ja
1585	RJ233623	0.91	ja
1588	RJ422703	1.00	ja
1589	RJ01088229	1.00	ja
1591	VJ008905	1.00	ja
1596	VJ012484	1.00	ja
1598	VJ004265	1.00	alias
1601	RJ01245269	1.00	ja
1603	RJ283039	1.00	ja
1605	VJ011541	1.00	ja
1606	VJ009451	1.00	ja
1608	VJ015386	1.00	ja
1613	VJ007827	1.00	ja
1614	VJ015291	1.00	ja
1615	RJ080563	1.00	alias
1616	VJ002890	1.00	ja
1617	VJ014725	1.00	ja
1618	VJ006764	1.00	ja
1619	RJ354914	1.00	ja
1620	RJ264149	1.00	ja
1621	VJ004869	1.00	ja
1622	VJ013622	1.00	ja
1624	RJ212553	1.00	ja
1626	VJ004756	1.00	ja
1628	VJ006117	1.00	ja
1632	RJ112139	1.00	ja
1634	VJ009350	1.00	alias
1641	VJ010418	1.00	ja
1642	VJ010417	1.00	ja
1644	VJ009515	1.00	ja
1647	VJ007241	1.00	alias
1648	VJ014965	1.00	ja
1650	VJ004581	1.00	ja
1651	VJ008453	0.73	zh
1653	VJ008116	1.00	ja
1657	RJ043317	1.00	ja
1659	VJ009499	1.00	ja
1664	VJ012981	1.00	zh
1666	VJ015103	1.00	ja
1667	VJ012444	1.00	ja
1669	VJ007085	1.00	ja
1670	VJ011088	1.00	ja
1674	RJ140035	1.00	ja
1676	VJ008973	1.00	ja
1677	VJ009470	1.00	ja
1679	VJ010478	1.00	ja
1680	RJ01208164	1.00	ja
1681	VJ013288	1.00	ja
1685	VJ011941	1.00	ja
1686	VJ013177	1.00	ja
1687	RJ01300224	1.00	ja
1690	VJ004554	1.00	ja
1691	VJ007240	1.00	ja
1692	RJ01037923	1.00	ja
1693	RJ146604	1.00	ja
1694	VJ015284	1.00	ja
1695	RJ01153311	1.00	ja
1696	VJ011029	1.00	ja
1697	VJ004701	1.00	alias
1698	VJ008985	1.00	ja
1699	VJ008029	1.00	ja
1701	VJ009847	1.00	ja
1703	VJ009665	1.00	ja
1708	VJ013662	1.00	ja
1709	VJ007498	1.00	alias
1710	RJ419937	1.00	ja
1711	VJ011816	1.00	ja
1714	VJ014495	1.00	ja
1716	VJ008980	1.00	ja
1730	VJ011067	1.00	ja
1734	VJ006030	1.00	ja
1736	VJ012838	1.00	ja
1737	VJ007628	1.00	ja
1739	RJ01026220	1.00	ja
1742	RJ124636	1.00	ja
1743	VJ014571	1.00	ja
1744	VJ006683	1.00	ja
1746	VJ010427	1.00	ja
1747	VJ011141	0.62	ja
1748	RJ332537	1.00	ja
1749	RJ332573	1.00	ja
1750	RJ393132	1.00	ja
1751	VJ003981	1.00	ja
1752	VJ005905	1.00	ja
1753	VJ006867	1.00	ja
1755	VJ008812	1.00	ja
1756	VJ009219	1.00	ja
1757	VJ006589	1.00	ja
1758	VJ006056	1.00	en
1759	VJ006532	1.00	ja
1761	RJ184864	1.00	ja
1763	VJ009664	1.00	ja
1768	RJ208421	1.00	ja
1771	VJ012574	1.00	ja
1772	VJ013483	1.00	ja
1779	RJ104472	1.00	ja
1784	VJ008873	1.00	ja
1788	VJ012926	1.00	ja
1789	VJ011683	1.00	ja
1790	RJ149874	1.00	ja
1791	VJ011825	1.00	ja
1792	VJ012990	1.00	ja
1793	VJ013575	1.00	ja
1794	VJ010244	1.00	ja
1796	RJ01303557	1.00	ja
1797	VJ004477	1.00	ja
1798	VJ005450	1.00	ja
1799	VJ012092	1.00	ja
1805	RJ049488	1.00	ja
1806	RJ087298	1.00	ja
1808	VJ010748	1.00	ja
1809	VJ009454	1.00	ja
1810	VJ009780	0.82	ja
1811	VJ010776	1.00	ja
1812	VJ008159	1.00	ja
1813	VJ009535	1.00	ja
1814	VJ011998	1.00	ja
1815	VJ009587	1.00	ja
1816	VJ008429	1.00	ja
1819	VJ010845	1.00	ja
1820	VJ011898	1.00	ja
1821	VJ012467	1.00	ja
1822	VJ009500	1.00	ja
1823	VJ013454	1.00	ja
1824	VJ004535	1.00	ja
1825	VJ011688	1.00	ja
1827	VJ009633	1.00	ja
1828	VJ010039	0.97	ja
1829	VJ010375	0.99	ja
1830	VJ012475	1.00	ja
1831	VJ012972	1.00	ja
1832	VJ013391	1.00	ja
1833	VJ013904	1.00	ja
1834	RJ240619	1.00	ja
1835	VJ008278	1.00	zh
1836	VJ008035	1.00	ja
1840	VJ010553	1.00	ja
1843	VJ011656	1.00	ja
1844	RJ01048672	1.00	ja
1845	RJ112466	1.00	ja
1847	VJ007994	1.00	ja
1849	VJ007853	1.00	ja
1850	RJ221906	1.00	ja
1851	VJ011520	1.00	en
1854	VJ011133	1.00	ja
1855	VJ011150	1.00	ja
1856	RJ188157	1.00	ja
1859	VJ007002	1.00	ja
1860	VJ008904	1.00	ja
1861	VJ009419	1.00	ja
1862	VJ008265	1.00	ja
1864	VJ007497	1.00	ja
1865	VJ008619	1.00	ja
1867	VJ012365	1.00	ja
1868	RJ238792	1.00	ja
1869	RJ223032	1.00	ja
1872	VJ011252	1.00	ja
1873	VJ010507	1.00	alias
1874	VJ009655	1.00	ja
1876	RJ119660	1.00	ja
1877	VJ009251	1.00	ja
1880	VJ004808	1.00	ja
1883	VJ009011	1.00	ja
1885	VJ008830	1.00	ja
1888	RJ169540	1.00	ja
1889	RJ112706	0.88	ja
1892	VJ009430	1.00	ja
1895	VJ013656	1.00	ja
1896	VJ013655	1.00	ja
1897	RJ273816	1.00	ja
1898	RJ260241	1.00	ja
1909	VJ014364	1.00	ja
1930	RJ082623	1.00	ja
1932	RJ157224	1.00	ja
1933	VJ014758	1.00	ja
1934	VJ013346	1.00	ja
1935	RJ023279	1.00	en
1938	VJ007677	1.00	ja
1940	RJ226879	0.71	ja
1942	RJ209044	1.00	ja
1945	VJ005037	1.00	ja
1949	VJ006175	0.79	ja
1951	VJ007583	1.00	ja
1956	VJ004412	1.00	ja
1960	RJ107807	1.00	alias
1961	VJ004337	1.00	en
1963	VJ014797	1.00	ja
1968	VJ010345	1.00	ja
1971	VJ009471	1.00	ja
1972	RJ01144406	1.00	ja
1973	VJ008956	1.00	ja
1975	VJ006197	1.00	ja
1976	VJ012363	1.00	ja
1977	VJ009936	1.00	ja
1979	RJ350820	1.00	ja
1981	RJ321194	1.00	ja
1982	RJ171858	1.00	ja
1983	RJ01069003	1.00	ja
1985	RJ01043101	1.00	ja
1986	VJ013376	1.00	ja
1988	VJ010562	1.00	ja
1989	VJ005907	1.00	ja
1991	VJ010419	1.00	ja
1994	VJ005231	1.00	ja
1995	VJ009980	1.00	ja
1996	RJ273731	1.00	ja
1997	RJ247646	1.00	ja
1998	VJ003906	1.00	ja
1999	RJ024441	1.00	ja
2000	VJ011819	1.00	ja
2001	RJ01197240	1.00	ja
2002	VJ007039	1.00	ja
2003	VJ012792	1.00	ja
2004	RJ01037636	1.00	ja
2005	RJ01094358	1.00	ja
2006	RJ281393	1.00	ja
2008	VJ003543	0.67	ja
2009	RJ164595	1.00	ja
2012	VJ013830	1.00	ja
2013	VJ012052	1.00	ja
2014	VJ006938	1.00	ja
2015	VJ011842	1.00	ja
2017	RJ021838	1.00	alias
2019	RJ093003	1.00	en
2020	VJ007969	1.00	ja
2021	VJ009318	1.00	ja
2023	VJ004197	1.00	ja
2025	VJ006586	1.00	ja
2027	RJ081887	1.00	ja
2029	RJ098769	1.00	ja
2030	VJ002824	1.00	alias
2033	VJ004745	1.00	ja
2035	RJ128539	1.00	ja
2036	VJ011852	1.00	ja
2038	VJ008961	1.00	ja
2041	RJ252911	1.00	ja
2043	RJ146888	1.00	ja
2044	VJ010640	1.00	ja
2045	VJ010692	1.00	ja
2046	VJ012290	1.00	ja
2048	VJ009391	1.00	ja
2050	VJ013576	1.00	ja
2052	VJ007522	1.00	ja
2054	VJ003446	1.00	ja
2059	RJ043090	1.00	ja
2062	RJ111167	1.00	ja
2064	VJ007977	1.00	ja
2074	VJ005395	1.00	ja
2076	VJ013993	1.00	ja
2077	VJ006903	1.00	zh
2080	VJ008262	1.00	ja
2082	VJ007788	1.00	ja
2086	VJ011032	1.00	ja
2101	VJ007937	1.00	ja
2102	VJ010033	1.00	ja
2104	VJ008259	1.00	ja
2106	VJ009825	1.00	ja
2110	VJ013261	1.00	ja
2114	VJ004739	1.00	ja
2116	VJ010405	1.00	ja
2119	RJ150181	1.00	ja
2121	RJ274366	1.00	ja
2122	VJ012278	1.00	ja
2127	VJ003579	1.00	ja
2129	VJ003335	1.00	zh
2130	VJ006403	1.00	alias
2131	RJ048759	1.00	ja
2133	RJ112298	1.00	ja
2135	VJ005768	1.00	ja
2136	RJ233486	1.00	ja
2137	RJ278209	1.00	ja
2139	RJ065032	1.00	ja
2145	VJ005974	1.00	ja
2147	RJ01062398	0.97	ja
2148	VJ007285	1.00	ja
2150	VJ012567	1.00	ja
2151	RJ01124512	1.00	ja
2153	VJ015782	1.00	ja
2157	VJ002825	1.00	ja
2160	VJ007955	1.00	ja
2163	RJ108621	1.00	ja
2165	VJ008340	1.00	ja
2167	VJ009472	0.61	ja
2168	VJ006786	1.00	ja
2171	VJ004564	1.00	ja
2172	VJ003459	1.00	ja
2175	VJ012913	1.00	ja
2177	VJ012522	1.00	ja
2181	RJ119826	1.00	ja
2182	RJ175016	1.00	ja
2185	VJ007976	1.00	ja
2187	VJ010841	1.00	ja
2189	VJ007248	1.00	ja
2190	VJ006783	1.00	ja
2191	VJ002810	1.00	ja
2192	VJ007735	1.00	ja
2193	VJ005222	1.00	ja
2194	RJ082746	1.00	ja
2195	RJ102171	1.00	ja
2196	VJ004737	1.00	ja
2198	VJ008268	1.00	ja
2199	VJ007691	1.00	ja
2200	RJ173418	1.00	ja
2207	VJ013146	1.00	ja
2212	VJ008639	1.00	ja
2213	RJ01105713	1.00	ja
2214	VJ010698	1.00	ja
2215	VJ012915	1.00	ja
2216	VJ013114	1.00	ja
2217	VJ012388	1.00	ja
2224	VJ007718	1.00	ja
2225	RJ268893	1.00	ja
2228	VJ009035	1.00	ja
2229	VJ011726	1.00	ja
2234	RJ426948	1.00	ja
2235	VJ005183	1.00	ja
2236	VJ006254	1.00	alias
2238	RJ159877	1.00	ja
2240	VJ010588	1.00	ja
2241	VJ008185	1.00	ja
2243	RJ091388	1.00	ja
2245	VJ004370	0.87	ja
2248	RJ164037	1.00	ja
2249	RJ315204	1.00	ja
2250	VJ013223	1.00	ja
2251	RJ096364	1.00	alias
2252	VJ006462	1.00	ja
2253	RJ172534	1.00	ja
2254	VJ007336	1.00	ja
2256	VJ006759	1.00	ja
2257	VJ012893	1.00	ja
2258	VJ014783	1.00	ja
2259	VJ009829	1.00	ja
2260	VJ012252	1.00	ja
2261	VJ011560	1.00	ja
2264	VJ008301	1.00	ja
2265	VJ010850	1.00	ja
2266	RJ247829	1.00	ja
2268	VJ015453	1.00	ja
2269	VJ014882	1.00	ja
2271	VJ008957	1.00	ja
2272	VJ010992	1.00	ja
2273	VJ009830	1.00	ja
2278	RJ134347	1.00	ja
2280	VJ012675	1.00	ja
2281	VJ005686	1.00	ja
2283	VJ008230	1.00	ja
2284	VJ011181	1.00	ja
2285	RJ250899	1.00	ja
2286	RJ273017	1.00	ja
2293	VJ009526	1.00	ja
2295	VJ011132	1.00	ja
2296	VJ008936	1.00	ja
2302	VJ007582	1.00	en
2304	RJ138693	1.00	ja
2305	VJ011107	1.00	ja
2306	VJ008068	1.00	ja
2307	VJ008244	1.00	ja
2308	VJ007739	1.00	ja
2311	VJ005234	1.00	ja
2313	VJ011572	1.00	ja
2314	VJ005964	1.00	ja
2315	VJ008385	1.00	ja
2316	VJ012230	1.00	ja
2317	VJ002823	1.00	ja
2320	VJ010060	1.00	ja
2321	VJ004298	1.00	ja
2323	VJ013956	1.00	ja
2325	RJ415272	1.00	ja
2326	RJ004544	1.00	ja
2328	VJ008984	1.00	ja
2330	VJ010851	1.00	ja
2333	RJ291643	1.00	ja
2334	VJ009623	1.00	ja
2335	VJ013969	1.00	ja
2336	VJ007473	1.00	ja
2337	VJ007934	1.00	ja
2338	VJ013361	1.00	ja
2340	VJ005618	1.00	ja
2341	VJ010316	1.00	ja
2342	VJ011827	1.00	ja
2344	VJ010661	1.00	ja
2346	RJ124882	1.00	ja
2347	RJ142715	1.00	ja
2348	RJ093698	1.00	ja
2349	RJ161509	1.00	ja
2351	VJ011712	1.00	ja
2353	RJ177172	1.00	ja
2354	VJ008150	1.00	ja
2356	VJ013787	1.00	ja
2357	VJ013788	1.00	ja
2360	VJ007546	1.00	en
2362	VJ013487	1.00	ja
2363	RJ155836	1.00	ja
2364	VJ015737	1.00	ja
2366	RJ096641	1.00	ja
2370	VJ010926	1.00	ja
2373	RJ180940	1.00	en
2374	RJ214946	1.00	en
2376	VJ013363	1.00	ja
2378	VJ010313	1.00	ja
2379	VJ013226	1.00	ja
2380	VJ007092	1.00	ja
2383	RJ130997	1.00	ja
2385	VJ010294	1.00	ja
2386	VJ007564	1.00	ja
2387	VJ013076	1.00	ja
2389	RJ086631	1.00	ja
2390	VJ012587	1.00	ja
2391	RJ01097460	1.00	ja
2392	VJ010386	1.00	ja
2394	VJ009452	1.00	ja
2395	VJ009036	1.00	ja
2396	RJ110629	1.00	ja
2398	VJ015354	1.00	ja
2399	RJ111899	1.00	ja
2400	RJ161810	1.00	ja
2404	RJ166125	1.00	ja
2405	VJ013644	1.00	ja
2406	VJ006804	1.00	ja
2407	VJ007447	1.00	ja
2409	VJ007738	1.00	ja
2412	RJ085217	1.00	ja
2413	RJ435672	1.00	ja
2414	RJ203143	1.00	ja
2417	VJ012970	1.00	ja
2418	RJ01104618	1.00	ja
2419	VJ006873	1.00	ja
2425	VJ008695	1.00	ja
2426	RJ304660	1.00	ja
2428	RJ286753	1.00	ja
2429	VJ008326	1.00	ja
2437	VJ007272	1.00	ja
2440	RJ290854	1.00	ja
2441	VJ006750	1.00	ja
2443	RJ089706	1.00	ja
2448	VJ006857	1.00	ja
2450	VJ005960	0.90	ja
2451	VJ004544	1.00	ja
2452	VJ011366	1.00	ja
2453	VJ008395	1.00	ja
2454	RJ124952	1.00	ja
2455	RJ137561	1.00	ja
2456	RJ01079137	1.00	ja
2457	RJ316624	1.00	ja
2459	VJ006194	1.00	ja
2460	VJ005184	1.00	ja
2462	VJ009070	1.00	ja
2464	VJ008115	1.00	ja
2466	RJ102086	1.00	ja
2467	RJ153048	1.00	ja
2468	RJ304662	1.00	ja
2469	VJ010308	1.00	ja
2471	VJ002244	1.00	ja
2472	VJ003488	1.00	ja
2473	VJ009278	1.00	ja
2477	RJ244828	1.00	ja
2478	VJ014642	1.00	ja
2481	VJ009445	1.00	ja
2483	RJ114493	1.00	ja
2484	RJ01279330	1.00	ja
2485	VJ008517	1.00	ja
2486	VJ013789	1.00	ja
2487	VJ004569	0.67	alias
2488	RJ352848	1.00	ja
2491	VJ005874	1.00	ja
2492	VJ004473	1.00	ja
2493	RJ241853	1.00	ja
2495	RJ327292	1.00	ja
2496	VJ011217	1.00	ja
2497	VJ006427	1.00	ja
2498	VJ013104	1.00	ja
2502	VJ007871	1.00	ja
2503	VJ008003	1.00	ja
2505	VJ012335	1.00	ja
2506	VJ013726	1.00	ja
2508	VJ014958	1.00	ja
2512	VJ010844	1.00	ja
2513	RJ365031	1.00	ja
2519	VJ006327	1.00	ja
2520	RJ265100	1.00	ja
2522	VJ010083	1.00	en
2523	VJ011543	1.00	en
2525	RJ01095944	1.00	ja
2526	RJ292818	1.00	ja
2527	RJ01326398	1.00	ja
2528	VJ013364	1.00	ja
2529	RJ259033	1.00	ja
2532	RJ01356568	1.00	ja
2534	VJ001584	1.00	ja
2535	RJ108459	1.00	en
2536	VJ004768	1.00	ja
2541	VJ009565	1.00	ja
2542	RJ240620	1.00	ja
2548	VJ012106	1.00	ja
2549	VJ010187	1.00	ja
2550	VJ003801	1.00	en
2552	VJ008264	1.00	ja
2555	RJ173284	1.00	ja
2559	RJ144963	1.00	ja
2561	RJ233212	1.00	ja
2562	RJ042036	1.00	alias
2563	RJ109012	1.00	alias
2564	RJ132987	1.00	alias
2565	RJ162925	1.00	ja
2567	RJ293627	1.00	ja
2568	RJ244826	1.00	ja
2569	VJ009069	1.00	ja
2572	VJ008991	1.00	ja
2573	VJ010808	1.00	ja
2574	VJ015134	1.00	ja
2576	RJ132065	1.00	ja
2577	RJ229653	1.00	ja
2579	VJ010055	1.00	ja
2581	RJ229654	1.00	ja
2582	VJ009548	1.00	ja
2585	VJ009775	1.00	ja
2587	RJ081000	1.00	ja
2588	RJ01356482	1.00	ja
2591	RJ068375	1.00	ja
2593	RJ059004	1.00	ja
2594	RJ317017	1.00	ja
2599	VJ010847	1.00	ja
2602	RJ165050	1.00	ja
2605	VJ012518	1.00	ja
2609	RJ182003	1.00	ja
2612	RJ155822	1.00	ja
2617	RJ01050320	1.00	ja
2618	VJ009987	1.00	ja
2620	RJ01049094	1.00	ja
2621	VJ007108	1.00	ja
2622	RJ322248	1.00	ja
2623	RJ038471	1.00	ja
2625	RJ129308	1.00	ja
2628	VJ008022	1.00	ja
2629	VJ011307	1.00	ja
2630	VJ008485	1.00	ja
2632	RJ173283	1.00	ja
2633	RJ218630	1.00	ja
2634	RJ141577	1.00	ja
2635	VJ013207	1.00	ja
2637	RJ141894	1.00	ja
2638	VJ014377	1.00	ja
2640	VJ012751	1.00	ja
2641	VJ013631	1.00	ja
2642	RJ162255	1.00	ja
2643	VJ015042	1.00	ja
2644	RJ01059372	1.00	ja
2645	VJ009052	1.00	ja
2646	RJ133020	1.00	ja
2647	RJ164241	1.00	ja
2648	VJ013645	1.00	ja
2650	VJ011055	1.00	ja
2651	VJ012834	1.00	ja
2652	RJ138261	1.00	ja
2653	RJ01091982	1.00	ja
2654	RJ249406	1.00	ja
2655	VJ008300	1.00	en
2657	VJ006484	1.00	en
2658	VJ012384	1.00	ja
2659	RJ179494	1.00	ja
2660	RJ183051	1.00	ja
2661	VJ001779	1.00	ja
2664	RJ190834	1.00	ja
2666	RJ088072	1.00	ja
2673	VJ009985	1.00	ja
2674	RJ275678	1.00	ja
2675	RJ01011214	1.00	ja
2681	RJ071090	1.00	ja
2683	VJ001714	0.77	alias
2684	VJ008151	1.00	ja
2685	VJ008887	1.00	ja
2686	VJ010147	1.00	ja
2687	VJ010278	1.00	ja
2688	VJ010367	1.00	ja
2689	VJ011897	1.00	ja
2690	VJ012643	1.00	ja
2691	RJ01030254	1.00	ja
2698	RJ249409	1.00	ja
2699	VJ014454	1.00	ja
2710	RJ218379	1.00	ja
2711	VJ011952	1.00	ja
2712	VJ011990	1.00	ja
2713	VJ012323	1.00	ja
2714	VJ012446	1.00	ja
2716	VJ012880	1.00	ja
2717	RJ150381	0.98	ja
2725	VJ007019	1.00	ja
2726	VJ005866	1.00	ja
2727	VJ005931	1.00	ja
2728	VJ006055	1.00	ja
2729	VJ005932	1.00	ja
2730	RJ168013	1.00	ja
2731	RJ017627	1.00	alias
2732	VJ005748	1.00	ja
2733	VJ006782	1.00	ja
2734	VJ007329	1.00	ja
2735	VJ008624	1.00	ja
2736	VJ009875	1.00	ja
2737	VJ009876	1.00	ja
2738	VJ011199	1.00	ja
2739	RJ148820	1.00	ja
2742	VJ012108	1.00	ja
2743	VJ012237	1.00	ja
2744	VJ013224	1.00	ja
2746	RJ112530	1.00	ja
2757	RJ01376875	1.00	ja
2758	RJ212459	1.00	ja
2760	RJ206728	1.00	ja
2762	RJ055320	1.00	ja
2771	RJ249408	1.00	ja
2777	VJ004330	1.00	ja
2778	RJ161461	1.00	ja
2782	VJ009687	1.00	ja
2785	RJ218381	1.00	ja
2791	VJ010320	1.00	ja
2792	VJ002397	0.93	ja
2794	VJ011034	1.00	ja
2795	VJ010141	1.00	ja
2800	RJ187513	1.00	ja
2809	VJ006445	1.00	ja
2811	VJ010905	1.00	ja
2812	VJ006446	1.00	alias
2813	RJ233076	1.00	ja
2814	RJ085620	1.00	ja
2815	RJ229655	1.00	ja
2826	VJ011198	1.00	alias
2831	RJ236737	1.00	ja
2835	RJ123839	1.00	ja
2836	VJ005131	1.00	ja
2842	VJ004426	1.00	ja
2853	VJ004358	1.00	ja
2863	VJ007987	1.00	ja
2865	RJ070365	1.00	ja
2867	VJ009208	1.00	ja
2868	VJ009210	1.00	ja
2881	VJ011291	1.00	ja
2883	VJ009202	1.00	ja
2887	VJ007470	1.00	ja
2889	VJ007518	1.00	ja
2892	RJ184574	1.00	ja
2893	RJ103765	1.00	ja
2894	VJ009203	1.00	ja
2897	VJ009204	1.00	ja
2898	VJ009205	1.00	ja
2899	VJ009206	1.00	ja
2900	VJ009207	1.00	ja
2901	VJ009209	1.00	ja
2903	RJ087177	1.00	ja
2904	RJ058528	1.00	ja
2905	RJ054616	1.00	ja
2906	RJ081412	1.00	ja
2907	RJ142794	1.00	ja
2908	VJ005275	1.00	ja
2909	VJ007860	1.00	ja
2910	RJ294175	1.00	ja
2912	RJ044694	1.00	ja
2913	VJ006392	1.00	ja
2914	VJ006176	1.00	ja
2919	VJ007523	1.00	en
2920	VJ009993	1.00	ja
2923	VJ004563	1.00	ja
2926	VJ003877	1.00	ja
2927	VJ005893	1.00	ja
2928	VJ005786	1.00	ja
2932	VJ009514	1.00	en
2935	VJ014326	1.00	ja
2939	VJ010792	1.00	ja
2940	VJ007083	1.00	ja
2941	VJ010258	1.00	ja
2942	VJ008777	1.00	ja
2943	VJ007014	1.00	ja
2945	VJ004247	1.00	ja
2946	VJ008886	1.00	ja
2947	VJ009504	1.00	ja
2948	VJ010110	1.00	ja
2949	VJ011347	1.00	ja
2950	VJ011682	1.00	ja
2951	VJ012442	1.00	ja
2952	RJ190754	1.00	ja
2955	VJ002605	0.76	ja
2956	VJ012441	1.00	ja
2957	VJ012922	1.00	ja
2959	VJ008290	1.00	ja
2960	VJ013461	1.00	ja
2961	VJ013432	1.00	ja
2962	VJ013462	1.00	ja
2967	RJ131252	1.00	ja
2969	VJ006031	1.00	ja
2973	VJ001640	1.00	ja
2976	RJ083771	1.00	ja
2978	VJ007826	1.00	ja
2980	VJ012022	1.00	ja
2981	VJ012767	1.00	ja
2988	VJ008785	1.00	ja
2995	VJ009065	1.00	ja
2997	VJ001643	1.00	ja
2998	VJ001642	1.00	ja
3001	VJ010623	1.00	ja
3002	VJ010617	1.00	ja
3004	VJ012553	1.00	ja
3006	VJ011783	0.75	ja
3007	VJ013585	1.00	ja
3008	VJ009413	1.00	ja
3010	VJ008829	1.00	ja
3011	VJ004949	0.91	ja
3012	VJ008302	1.00	ja
3014	VJ001641	1.00	ja
3016	VJ002448	1.00	ja
3017	VJ002447	1.00	alias
3018	VJ002142	0.92	ja
3019	VJ009615	1.00	ja
3022	VJ012654	1.00	alias
3025	VJ002278	1.00	ja
3027	RJ257172	1.00	ja
3028	VJ013905	1.00	ja
3030	VJ014801	1.00	en
3031	VJ014948	1.00	en
3033	RJ090148	1.00	ja
3036	VJ002141	1.00	ja
3037	VJ002452	1.00	ja
3039	VJ011906	1.00	ja
3043	VJ002529	1.00	ja
3044	VJ003485	1.00	ja
3046	VJ009513	1.00	ja
3047	VJ006634	1.00	alias
3048	RJ062756	1.00	ja
3051	RJ342715	1.00	ja
3052	RJ105834	1.00	en
3061	RJ01333591	1.00	ja
3065	RJ175431	1.00	ja
3068	VJ008606	1.00	ja
3075	VJ012389	1.00	alias
3080	VJ004666	1.00	ja
3081	VJ009538	1.00	ja
3083	VJ008538	1.00	ja
3087	RJ437725	1.00	ja
3088	VJ010399	1.00	ja
3089	VJ011404	1.00	ja
3090	VJ012229	1.00	ja
3091	VJ013032	1.00	ja
3094	RJ105046	1.00	ja
3095	VJ012409	1.00	ja
3097	VJ013424	1.00	ja
3098	VJ010740	1.00	ja
3100	VJ005894	1.00	ja
3101	RJ101066	1.00	ja
3102	VJ006426	1.00	en
3104	RJ255493	1.00	ja
3106	RJ01407125	0.94	ja
3108	VJ010529	1.00	ja
3111	RJ198131	1.00	ja
3112	VJ005942	0.67	en
3113	RJ050526	1.00	ja
3114	RJ352852	1.00	ja
3115	RJ322556	1.00	ja
3117	RJ01083748	1.00	ja
3119	RJ275677	1.00	ja
3120	VJ010842	1.00	ja
3122	VJ006972	1.00	en
3123	VJ006904	1.00	zh
3124	VJ004740	1.00	en
3126	VJ002304	1.00	ja
3129	RJ080542	1.00	ja
3130	VJ012440	1.00	ja
3131	VJ012084	1.00	ja
3132	RJ059538	1.00	ja
3133	RJ067296	1.00	ja
3134	RJ073220	1.00	ja
3136	VJ011763	1.00	ja
3137	VJ015296	1.00	ja
3139	VJ007414	0.97	alias
3140	RJ316614	1.00	ja
3144	VJ013237	1.00	ja
3145	VJ014013	1.00	ja
3146	RJ399957	1.00	ja
3147	VJ012037	1.00	ja
3149	VJ014711	1.00	ja
3150	VJ015297	1.00	ja
3152	VJ010328	1.00	ja
3154	VJ015102	1.00	ja
3155	VJ015145	1.00	ja
3156	VJ015234	1.00	ja
3157	VJ006014	1.00	en
3160	VJ011489	1.00	ja
3161	RJ01406642	1.00	ja
3168	RJ01052320	1.00	ja
3170	RJ01402588	1.00	ja
3171	VJ002783	1.00	en
3177	RJ01092432	1.00	ja
3179	VJ007600	1.00	ja
3181	VJ009629	1.00	ja
3182	VJ009262	1.00	ja
3183	VJ011539	1.00	ja
3184	VJ015624	1.00	ja
3187	VJ013642	1.00	en
3188	RJ198133	1.00	ja
3189	VJ005026	1.00	ja
3192	VJ008512	1.00	ja
3193	VJ013290	1.00	ja
3196	VJ007696	1.00	ja
3203	VJ009313	1.00	en
3204	VJ009614	1.00	ja
3205	VJ009374	1.00	ja
3206	VJ009432	1.00	en
3209	VJ008799	1.00	ja
3210	VJ008860	1.00	ja
3211	VJ008898	1.00	ja
3214	RJ277913	1.00	ja
3215	VJ015685	1.00	ja
3219	RJ082545	1.00	ja
3220	VJ012872	1.00	ja
3221	RJ048890	1.00	ja
3223	VJ004153	1.00	ja
3224	VJ012186	1.00	ja
3227	VJ015816	1.00	ja
3228	VJ003624	1.00	ja
3229	RJ178574	1.00	ja
3230	RJ165211	1.00	ja
3231	VJ007783	1.00	ja
3232	VJ007773	1.00	ja
3233	RJ061516	1.00	ja
3234	RJ117178	1.00	ja
3235	RJ141841	1.00	ja
3236	RJ022726	1.00	ja
3237	RJ168655	1.00	ja
3238	RJ190495	1.00	ja
3239	VJ002472	1.00	ja
3243	VJ004916	1.00	ja
3244	VJ004540	1.00	ja
3247	VJ005980	1.00	ja
3248	VJ012802	1.00	ja
3249	VJ004873	1.00	en
3251	VJ007299	1.00	ja
3254	VJ004262	1.00	ja
3256	RJ01296614	1.00	ja
3258	VJ007771	1.00	alias
3259	VJ005307	1.00	zh
3262	VJ001680	1.00	ja
3263	VJ001676	1.00	ja
3266	VJ003687	1.00	ja
3267	RJ221849	1.00	ja
3268	RJ01119288	1.00	ja
3269	RJ309761	1.00	ja
3270	RJ079747	1.00	ja
3271	RJ01016538	1.00	ja
3272	VJ007363	1.00	ja
3273	VJ010434	1.00	ja
3274	VJ004315	1.00	ja
3275	VJ003900	1.00	ja
3276	VJ003919	1.00	ja
3278	VJ006825	1.00	ja
3283	VJ010184	1.00	ja
3284	VJ009919	1.00	ja
3285	RJ01102278	1.00	ja
3288	VJ002428	1.00	ja
3289	VJ002790	1.00	ja
3290	VJ003815	1.00	ja
3291	VJ002672	1.00	ja
3301	VJ004516	1.00	ja
3305	VJ006915	1.00	ja
3306	VJ006916	1.00	ja
3307	VJ006950	0.84	ja
3308	VJ005529	1.00	ja
3309	VJ005061	1.00	ja
3310	VJ004933	1.00	ja
3311	VJ005018	1.00	ja
3314	VJ005226	1.00	ja
3315	RJ122353	1.00	ja
3316	VJ005191	1.00	ja
3317	RJ143790	1.00	ja
3322	VJ001514	1.00	ja
3330	VJ013898	1.00	ja
3334	RJ153032	1.00	ja
3335	RJ144838	1.00	ja
3337	RJ155521	1.00	ja
3338	RJ133765	1.00	ja
3339	RJ077791	1.00	ja
3340	RJ048404	1.00	ja
3342	VJ004335	1.00	ja
3346	RJ322557	1.00	ja
3357	VJ008382	1.00	ja
3359	VJ007573	1.00	ja
3364	RJ120993	1.00	ja
3366	VJ014777	1.00	ja
3370	VJ004825	1.00	ja
3371	VJ014680	1.00	en
3373	VJ007308	1.00	ja
3374	VJ008786	1.00	ja
3376	VJ011313	1.00	ja
3377	VJ002725	1.00	en
3378	VJ001657	1.00	ja
3380	VJ007324	1.00	alias
3381	VJ007776	1.00	ja
3382	VJ009444	1.00	ja
3383	RJ042353	1.00	ja
3386	VJ015019	1.00	ja
3390	VJ005210	1.00	ja
3391	VJ006941	1.00	en
3392	RJ01127013	1.00	ja
3393	VJ002881	1.00	en
3394	VJ008037	1.00	en
3395	VJ005991	1.00	ja
3401	VJ011680	0.76	ja
3404	VJ012941	1.00	ja
3405	VJ012942	1.00	ja
3407	VJ009870	1.00	ja
3408	VJ001896	1.00	ja
3409	VJ004907	1.00	ja
3410	RJ043916	1.00	ja
3411	VJ006050	1.00	ja
3412	RJ046144	1.00	ja
3413	RJ043117	1.00	ja
3414	VJ009042	1.00	ja
3415	VJ009530	1.00	ja
3418	RJ059877	1.00	ja
3419	VJ006544	1.00	ja
3420	VJ008965	1.00	ja
3421	VJ007471	1.00	zh
3423	VJ006717	1.00	zh
3424	VJ003531	1.00	zh
3425	VJ005004	0.86	zh
3426	VJ005250	0.75	en
3432	VJ007273	1.00	alias
3433	VJ003945	1.00	ja
3437	RJ280974	1.00	ja
3441	RJ01128163	1.00	ja
3442	RJ01071861	1.00	ja
3448	VJ011272	1.00	en
3449	VJ004284	1.00	en
3450	VJ005441	1.00	en
3454	VJ009120	1.00	en
3455	VJ011999	1.00	en
3456	VJ014641	1.00	en
3457	VJ003810	1.00	en
3458	VJ010652	1.00	en
3460	VJ012422	1.00	ja
3461	VJ012423	1.00	ja
3462	VJ011496	1.00	ja
3463	VJ011497	1.00	ja
3464	VJ013696	1.00	ja
3465	VJ015307	1.00	ja
3466	VJ013695	1.00	ja
3468	VJ012424	1.00	ja
3471	VJ015313	1.00	ja
3473	VJ013697	1.00	ja
3474	VJ015308	1.00	ja
3475	VJ015311	1.00	ja
3485	VJ013925	1.00	ja
3486	VJ010000	1.00	ja
3487	VJ007721	1.00	ja
3488	VJ010931	1.00	ja
3489	VJ011332	1.00	ja
3490	VJ008207	1.00	ja
3492	VJ006012	1.00	ja
3493	VJ007930	1.00	ja
3494	VJ010849	1.00	ja
3495	VJ013176	0.94	ja
3496	VJ015053	1.00	ja
3499	VJ005674	1.00	ja
3500	VJ009132	1.00	ja
3501	VJ010475	1.00	ja
3502	VJ010727	1.00	ja
3504	VJ014629	1.00	ja
3506	VJ008522	1.00	ja
3507	VJ011563	1.00	alias
3509	VJ011228	1.00	alias
3510	VJ012777	1.00	ja
3511	RJ132042	1.00	ja
3512	RJ378874	1.00	ja
3513	VJ008797	1.00	ja
3514	VJ013721	1.00	ja
3515	VJ013674	1.00	ja
3516	VJ013678	1.00	ja
3518	RJ076200	1.00	ja
3519	VJ007180	1.00	ja
3520	VJ008260	1.00	ja
3521	VJ009138	1.00	zh
3524	VJ012678	0.80	zh
3525	VJ012679	1.00	ja
3526	VJ011408	1.00	ja
3528	RJ159094	1.00	ja
3529	VJ004193	1.00	ja
3530	RJ036168	1.00	ja
3531	RJ01126272	1.00	ja
3532	RJ269227	1.00	ja
3535	VJ007556	1.00	ja
3538	VJ002792	1.00	ja
3539	VJ008823	1.00	ja
3541	VJ010225	1.00	ja
3542	VJ011886	1.00	ja
3544	RJ277837	1.00	ja
3545	RJ040560	1.00	ja
3546	VJ002536	1.00	ja
3547	VJ007752	1.00	ja
3548	RJ205076	1.00	ja
3550	VJ008231	1.00	ja
3552	VJ010456	1.00	ja
3553	VJ004223	1.00	ja
3554	VJ010882	1.00	ja
3555	VJ002860	1.00	ja
3556	VJ008024	1.00	ja
3558	VJ003780	1.00	ja
3559	VJ006553	1.00	ja
3560	VJ004230	1.00	ja
3561	VJ001456	1.00	ja
3562	RJ123125	1.00	ja
3563	VJ012178	1.00	ja
3564	VJ009152	1.00	ja
3565	VJ012259	1.00	ja
3566	RJ096409	1.00	ja
3570	VJ008696	1.00	ja
3571	VJ007774	1.00	ja
3575	VJ014688	1.00	alias
3577	VJ008424	1.00	ja
3578	VJ015513	1.00	ja
3581	RJ087829	1.00	ja
3589	VJ006864	1.00	ja
3590	VJ010846	1.00	ja
3591	VJ011369	1.00	ja
3592	VJ012644	1.00	ja
3593	VJ008519	1.00	ja
3596	VJ010560	1.00	ja
3597	RJ080981	1.00	ja
3598	VJ014081	1.00	ja
3599	VJ010838	1.00	en
3600	VJ010836	1.00	ja
3601	VJ014080	1.00	ja
3603	VJ010837	1.00	ja
3604	VJ010839	1.00	ja
3605	RJ156589	1.00	ja
3606	VJ004681	1.00	ja
3607	VJ013020	1.00	ja
3608	VJ007723	1.00	ja
3609	VJ009183	1.00	ja
3611	VJ004347	1.00	ja
3612	VJ004292	1.00	ja
3614	VJ006641	1.00	ja
3618	VJ011319	1.00	ja
3619	VJ009415	1.00	ja
3620	VJ010139	1.00	ja
3621	VJ013862	1.00	ja
3627	RJ308908	1.00	ja
3629	VJ009182	1.00	ja
3630	VJ007757	1.00	ja
3631	VJ015825	1.00	ja
3632	VJ006942	1.00	alias
3633	VJ006670	1.00	ja
3634	VJ006685	1.00	ja
3637	VJ002571	1.00	ja
3638	VJ015741	1.00	ja
3639	VJ014759	1.00	en
3644	VJ012955	1.00	alias
3645	RJ113804	1.00	ja
3646	VJ002457	0.60	ja
3647	VJ007846	1.00	ja
3648	VJ002458	1.00	ja
3649	VJ009307	1.00	ja
3650	VJ004742	0.67	ja
3651	VJ006195	1.00	ja
3652	VJ008044	1.00	ja
3653	VJ008036	1.00	ja
3654	RJ180707	1.00	ja
3656	VJ003832	1.00	ja
3659	VJ009150	1.00	ja
3661	VJ003500	1.00	ja
3662	VJ012302	1.00	ja
3663	VJ001348	1.00	ja
3664	VJ001337	1.00	ja
3665	VJ001334	1.00	ja
3666	VJ001344	1.00	ja
3667	VJ001329	1.00	ja
3668	VJ001342	1.00	ja
3669	VJ001277	1.00	ja
3670	VJ001330	1.00	ja
3671	VJ001331	1.00	ja
3672	VJ001887	1.00	ja
3673	VJ001340	0.71	ja
3674	VJ001347	1.00	ja
3675	VJ001336	1.00	ja
3676	VJ001338	1.00	ja
3677	VJ001341	1.00	ja
3678	VJ001332	1.00	ja
3679	VJ001333	1.00	ja
3681	VJ001346	1.00	ja
3683	VJ011518	1.00	ja
3685	VJ005801	1.00	ja
3687	RJ254337	1.00	ja
3693	RJ157436	1.00	ja
3694	RJ181356	1.00	ja
3696	VJ006718	1.00	ja
3697	RJ01034984	1.00	ja
3698	VJ007704	1.00	ja
3699	RJ01431478	1.00	ja
3700	VJ008084	1.00	ja
3702	VJ008590	1.00	ja
3703	VJ005303	1.00	ja
3704	VJ007364	1.00	ja
3705	VJ008128	1.00	ja
3706	VJ008592	1.00	ja
3707	VJ009681	1.00	ja
3708	VJ011517	1.00	ja
3709	VJ005667	1.00	ja
3710	VJ007761	1.00	ja
3711	VJ008130	1.00	ja
3712	VJ008593	1.00	ja
3713	VJ009420	1.00	ja
3714	VJ010889	1.00	ja
3716	RJ051483	1.00	ja
3717	RJ157313	1.00	ja
3719	RJ215450	1.00	ja
3720	RJ161603	1.00	ja
3721	RJ196159	1.00	ja
3722	RJ01118675	1.00	ja
3723	VJ008930	1.00	ja
3724	RJ087719	1.00	ja
3725	VJ006596	1.00	ja
3726	VJ013026	1.00	ja
3728	VJ003960	1.00	ja
3731	VJ008988	1.00	alias
3734	VJ003580	1.00	ja
3736	VJ001317	1.00	ja
3738	RJ228459	1.00	ja
3741	VJ007935	1.00	ja
3746	VJ001371	1.00	ja
3747	VJ002572	1.00	ja
3748	RJ01309519	1.00	ja
3753	VJ004902	1.00	ja
3758	VJ007352	1.00	en
3759	VJ012843	1.00	ja
3760	RJ040750	1.00	ja
3761	RJ174369	1.00	ja
3762	VJ006010	1.00	en
3765	RJ01052998	1.00	ja
3766	VJ007167	1.00	ja
3772	VJ001822	1.00	zh
3776	RJ172013	1.00	ja
3778	RJ084784	1.00	ja
3780	RJ01422252	1.00	ja
3783	RJ177880	1.00	ja
3784	RJ336042	1.00	ja
3785	RJ01053227	1.00	ja
3786	RJ133220	1.00	ja
3787	RJ251926	1.00	ja
3788	VJ010288	1.00	ja
3789	RJ155653	1.00	ja
3791	RJ01167674	1.00	ja
3793	VJ008626	1.00	en
3798	RJ245808	1.00	ja
3800	VJ004136	1.00	ja
3802	RJ157316	1.00	ja
3804	VJ004828	1.00	ja
3810	RJ318092	1.00	ja
3811	VJ005765	1.00	ja
3812	VJ011673	1.00	ja
3813	VJ011479	1.00	ja
3814	VJ012081	1.00	ja
3815	VJ012453	1.00	ja
3816	VJ010643	1.00	ja
3818	VJ012882	1.00	ja
3819	VJ013962	1.00	ja
3820	VJ007693	1.00	ja
3821	VJ008218	1.00	ja
3822	VJ007830	1.00	ja
3823	RJ266991	1.00	ja
3826	VJ011971	1.00	ja
3827	RJ141124	1.00	ja
3828	VJ011767	1.00	ja
3829	RJ01439351	1.00	ja
3831	VJ011368	1.00	ja
3839	VJ014947	1.00	ja
3840	VJ009757	1.00	ja
3841	VJ013333	1.00	ja
3850	VJ004652	1.00	ja
3851	VJ001959	1.00	ja
3852	VJ004718	1.00	ja
3853	VJ007434	1.00	ja
3854	VJ008187	1.00	ja
3855	RJ141819	1.00	ja
3860	RJ024106	1.00	ja
3861	RJ028360	1.00	ja
3862	RJ034368	1.00	ja
3866	VJ002336	0.91	ja
3868	VJ007282	1.00	ja
3869	VJ003739	1.00	ja
3870	VJ003864	1.00	ja
3871	VJ003808	1.00	ja
3876	RJ117794	1.00	ja
3881	VJ002510	1.00	ja
3882	VJ002592	1.00	ja
3883	VJ004398	1.00	ja
3884	VJ005304	1.00	ja
3885	VJ007389	1.00	ja
3887	VJ004321	1.00	ja
3889	RJ253459	1.00	ja
3890	RJ01324212	1.00	ja
3895	VJ001415	1.00	ja
3896	VJ002476	1.00	ja
3897	VJ003489	1.00	ja
3898	VJ003601	1.00	ja
3899	VJ004272	1.00	ja
3901	VJ008544	1.00	en
3902	VJ008641	1.00	ja
3903	VJ009083	1.00	ja
3904	VJ009084	1.00	ja
3905	VJ009396	1.00	ja
3906	VJ010004	1.00	ja
3909	VJ005012	1.00	ja
3913	RJ01277796	1.00	ja
3915	VJ003572	1.00	ja
3916	RJ037617	1.00	ja
3918	RJ01426080	1.00	ja
3919	RJ293728	1.00	ja
3920	RJ01432103	1.00	ja
3921	VJ009270	1.00	ja
3922	RJ197014	1.00	ja
3923	VJ007295	1.00	ja
3927	RJ01445130	1.00	ja
3928	RJ435543	1.00	ja
3929	RJ153481	1.00	ja
3930	RJ01389685	1.00	ja
3931	VJ008459	1.00	ja
3932	RJ153311	1.00	ja
3937	VJ006988	1.00	alias
3939	VJ004348	0.88	ja
3945	RJ247062	1.00	ja
3946	VJ007882	1.00	ja
3947	RJ01235654	1.00	ja
3949	VJ008059	1.00	ja
3952	RJ190655	1.00	ja
3953	VJ004291	1.00	en
3954	RJ073835	1.00	ja
3956	VJ005966	1.00	ja
3958	VJ006178	1.00	ja
3959	RJ224455	1.00	ja
3960	VJ011964	1.00	ja
3961	RJ253321	1.00	ja
3963	RJ167943	1.00	ja
3964	RJ031762	1.00	ja
3965	RJ135224	1.00	ja
3966	RJ044909	1.00	ja
3967	RJ296472	1.00	ja
3968	RJ304714	1.00	ja
3969	VJ005439	0.96	en
3971	RJ01394012	1.00	ja
3972	RJ165799	1.00	ja
3974	VJ003353	1.00	ja
3975	VJ005741	1.00	en
3976	RJ298335	1.00	ja
3977	VJ004769	1.00	ja
3978	VJ004772	1.00	ja
3979	VJ005309	1.00	ja
3981	VJ008406	1.00	ja
3982	RJ188070	1.00	ja
3983	VJ005078	1.00	ja
3985	VJ004906	1.00	ja
3987	VJ004832	1.00	ja
3988	VJ005485	1.00	alias
3989	VJ006058	1.00	ja
3990	VJ006058	0.70	ja
3991	VJ006058	0.70	ja
3992	VJ005352	1.00	ja
3993	VJ005128	1.00	alias
3995	VJ003341	1.00	ja
3997	VJ004818	1.00	ja
3998	VJ007736	1.00	alias
3999	RJ01064403	1.00	ja
4000	RJ084196	1.00	ja
4001	VJ003845	1.00	en
4004	VJ007442	0.75	ja
4005	RJ097640	1.00	ja
4006	VJ005197	1.00	ja
4008	VJ015101	1.00	ja
4012	VJ003359	0.75	ja
4014	VJ003515	1.00	ja
4015	RJ064478	1.00	ja
4016	VJ003360	1.00	alias
4017	VJ003361	1.00	en
4018	VJ005912	1.00	ja
4020	VJ010311	1.00	ja
4021	VJ010555	1.00	ja
4022	VJ011185	1.00	ja
4023	VJ011889	1.00	ja
4024	VJ012996	1.00	ja
4025	VJ013776	1.00	ja
4026	VJ014737	1.00	ja
4027	VJ005449	1.00	en
4028	VJ005325	1.00	en
4029	VJ003342	1.00	ja
4031	VJ011053	1.00	ja
4032	VJ001705	1.00	ja
4033	VJ004885	1.00	ja
4034	VJ004886	1.00	ja
4038	RJ340110	1.00	ja
4039	VJ009560	1.00	ja
4040	VJ009932	1.00	ja
4041	VJ011853	1.00	alias
4048	VJ006068	1.00	ja
4057	RJ264757	1.00	ja
4058	VJ008015	1.00	ja
4060	VJ002481	1.00	ja
4061	VJ005269	1.00	ja
4062	VJ004598	1.00	ja
4063	VJ006546	1.00	ja
4065	VJ002820	1.00	ja
4066	VJ004599	1.00	ja
4067	RJ190156	1.00	ja
4071	VJ005688	0.90	ja
4073	VJ005429	1.00	ja
4076	VJ004800	0.75	ja
4079	VJ004811	1.00	ja
4082	VJ005416	1.00	ja
4082	VJ005608	1.00	ja
4083	VJ005653	1.00	ja
4084	VJ004771	1.00	ja
4085	VJ003354	1.00	ja
4086	RJ030230	1.00	ja
4087	VJ002834	1.00	ja
4091	VJ015243	1.00	ja
4092	RJ016778	1.00	en
4093	RJ018503	1.00	en
4094	RJ022853	1.00	ja
4096	VJ001452	1.00	alias
4097	VJ001453	1.00	ja
4098	VJ002443	1.00	ja
4099	VJ003841	1.00	ja
4100	VJ002460	1.00	ja
4102	VJ003871	1.00	ja
4104	VJ002384	1.00	en
4105	VJ003883	1.00	ja
4106	VJ002475	1.00	en
4109	RJ407278	1.00	ja
4112	RJ080719	1.00	ja
4113	RJ028571	1.00	ja
4114	RJ035062	1.00	ja
4115	RJ044642	1.00	ja
4116	RJ056499	1.00	ja
4117	VJ001915	1.00	ja
4119	VJ008542	1.00	en
4121	RJ062942	1.00	ja
4122	RJ074890	1.00	ja
4123	RJ088116	1.00	ja
4123	RJ090411	1.00	ja
4124	RJ090411	1.00	ja
4125	RJ102447	1.00	ja
4126	RJ123356	1.00	ja
4127	RJ143508	1.00	ja
4128	RJ200798	1.00	ja
4135	RJ202277	1.00	ja
4136	RJ091218	1.00	ja
4137	RJ01000965	1.00	ja
4138	VJ009935	1.00	ja
4139	VJ007554	1.00	ja
4143	VJ011616	1.00	ja
4157	RJ017134	1.00	ja
4160	RJ159781	1.00	ja
4167	VJ010467	1.00	ja
4168	RJ080978	1.00	ja
4169	VJ013374	1.00	ja
4172	VJ007361	1.00	ja
4173	VJ005101	1.00	ja
4174	RJ01468778	1.00	ja
4175	VJ001272	1.00	ja
4176	RJ021548	1.00	ja
4181	VJ015790	1.00	ja
4183	VJ008449	1.00	ja
4185	RJ185175	1.00	en
4186	VJ006029	1.00	ja
4188	RJ031032	1.00	ja
4189	RJ027213	1.00	ja
4194	RJ101198	1.00	ja
4195	VJ003333	1.00	ja
4199	VJ006508	1.00	ja
4200	VJ006905	1.00	ja
4201	VJ012158	1.00	zh
4202	RJ132085	1.00	ja
4208	VJ005729	1.00	ja
4213	VJ005376	1.00	ja
4214	RJ095517	1.00	ja
4223	RJ179037	1.00	ja
4229	RJ088896	1.00	zh
4231	VJ011914	1.00	ja
4233	RJ188734	1.00	ja
4235	VJ001078	1.00	ja
4239	VJ006876	1.00	en
4241	RJ103870	1.00	ja
4242	VJ007732	1.00	ja
4243	RJ185722	1.00	ja
4244	RJ100803	0.98	ja
4245	RJ115697	1.00	ja
4247	VJ011913	1.00	ja
4248	VJ008226	1.00	alias
4249	RJ114284	1.00	ja
4252	VJ004261	1.00	ja
4256	RJ118597	1.00	alias
4258	RJ143025	1.00	ja
4259	VJ014643	1.00	ja
4260	VJ010494	1.00	ja
4261	VJ013241	1.00	ja
4263	VJ005025	1.00	ja
4265	VJ015802	1.00	ja
4270	RJ058648	1.00	ja
4272	VJ006322	1.00	ja
4273	VJ006321	1.00	alias
4274	RJ140284	1.00	ja
4275	VJ013546	1.00	ja
4276	RJ128285	1.00	ja
4277	VJ002607	1.00	ja
4278	RJ01101412	1.00	ja
4280	VJ013646	1.00	ja
4281	VJ010843	1.00	ja
4282	VJ010728	1.00	ja
4284	VJ006079	1.00	ja
4286	RJ01120067	1.00	ja
4287	VJ005129	1.00	ja
4289	VJ003648	0.94	ja
4290	VJ003786	0.94	ja
4291	VJ003903	0.81	ja
4292	VJ012864	1.00	en
4293	RJ036518	1.00	ja
4294	RJ056933	1.00	ja
4295	VJ003962	1.00	ja
4296	RJ061320	1.00	ja
4297	VJ002401	1.00	ja
4298	VJ004488	1.00	ja
4299	RJ081303	1.00	ja
4300	VJ004578	1.00	ja
4301	VJ002158	1.00	ja
4302	RJ086892	1.00	ja
4303	VJ002845	1.00	ja
4304	VJ001639	1.00	ja
4307	VJ001637	1.00	ja
4308	RJ015622	1.00	en
4311	VJ001638	1.00	ja
4312	VJ002446	1.00	ja
4313	VJ007087	1.00	ja
4314	RJ125755	1.00	ja
4315	RJ139018	1.00	ja
4316	RJ065716	1.00	ja
4317	VJ006833	1.00	ja
4320	VJ008516	1.00	ja
4321	RJ156131	1.00	ja
4322	RJ181514	1.00	ja
4324	VJ005800	1.00	ja
4325	RJ374808	1.00	ja
4327	RJ035189	1.00	ja
4328	VJ006477	1.00	ja
4329	VJ011354	1.00	ja
4330	VJ007284	1.00	ja
4333	RJ276225	1.00	ja
4334	RJ035474	1.00	ja
4336	VJ002317	1.00	ja
4337	RJ354311	1.00	ja
4338	RJ399790	1.00	ja
4340	RJ01131289	1.00	ja
4343	VJ006515	1.00	ja
4347	RJ01079965	1.00	ja
4348	RJ01484353	1.00	zh
4351	VJ005659	1.00	ja
4352	VJ010445	1.00	ja
4353	VJ008308	1.00	ja
4355	RJ01084537	1.00	ja
4362	RJ294779	1.00	ja
4364	RJ032879	1.00	ja
4366	RJ041556	1.00	ja
4367	RJ040382	1.00	ja
4368	RJ056651	1.00	ja
4369	RJ070840	1.00	ja
4370	RJ086696	1.00	ja
4371	VJ006632	1.00	alias
4372	VJ005600	1.00	ja
4373	VJ009085	1.00	ja
4374	VJ009086	1.00	ja
4376	RJ056683	1.00	ja
4377	RJ064116	1.00	ja
4379	RJ051557	1.00	en
4381	RJ126776	1.00	ja
4383	VJ007714	1.00	ja
4385	VJ014385	1.00	ja
4387	VJ015461	1.00	ja
4388	VJ015599	1.00	ja
4392	RJ01350570	1.00	ja
4394	VJ014438	1.00	ja
4398	VJ010978	1.00	ja
4399	VJ009815	1.00	ja
4400	RJ01506988	1.00	ja
4402	RJ277931	1.00	ja
4405	RJ01503087	1.00	ja
4406	VJ015105	1.00	ja
4409	RJ362410	1.00	ja
4412	VJ013770	1.00	ja
4413	VJ011655	1.00	ja
4415	VJ007660	1.00	ja
4416	VJ008368	1.00	ja
4417	VJ006650	1.00	ja
4420	VJ012705	1.00	ja
4421	RJ146031	1.00	ja
4423	VJ009151	1.00	ja
4424	VJ011261	1.00	ja
4426	RJ030949	1.00	ja
4427	RJ01110486	1.00	ja
4428	VJ011645	1.00	ja
4429	RJ143600	1.00	ja
4433	RJ315165	1.00	ja
4435	VJ007520	1.00	ja
4439	VJ010697	1.00	ja
4441	VJ006875	1.00	ja
4446	VJ010360	1.00	ja
4447	VJ006562	1.00	ja
4448	RJ179442	1.00	ja
4449	RJ239450	1.00	ja
4450	VJ007246	1.00	ja
4451	RJ277940	1.00	ja
4453	VJ009286	1.00	ja
4454	VJ012566	1.00	ja
4457	VJ012273	1.00	ja
4458	VJ009713	1.00	ja
4459	VJ009799	1.00	ja
4460	RJ01348926	1.00	en
4465	VJ007730	1.00	ja
4466	VJ004645	1.00	ja
4471	VJ001770	1.00	ja
4476	RJ01525197	1.00	ja
4478	RJ228027	1.00	ja
4480	RJ439704	1.00	zh
4481	RJ158120	1.00	ja
4482	RJ366199	1.00	ja
4483	RJ383456	1.00	ja
4484	VJ011001	1.00	ja
4487	RJ01497069	1.00	ja
4489	VJ006460	1.00	ja
4490	RJ065784	1.00	ja
4491	RJ065784	0.89	ja
4496	VJ014686	1.00	ja
4502	VJ002819	1.00	ja
4504	RJ214653	1.00	ja
4505	RJ01519244	1.00	ja
4506	RJ01517577	1.00	ja
4507	VJ012301	1.00	ja
4508	VJ014386	1.00	ja
4509	VJ011972	1.00	ja
4510	VJ003512	1.00	ja
4512	VJ011880	1.00	ja
4513	VJ012284	1.00	ja
4514	VJ012535	1.00	ja
4517	RJ286695	1.00	ja
4518	VJ011622	1.00	alias
4519	VJ009290	1.00	ja
4520	VJ011255	1.00	ja
4523	RJ01494260	1.00	ja
4526	VJ005925	1.00	ja
4527	VJ009889	1.00	ja
4528	VJ010387	1.00	ja
4530	VJ001298	1.00	ja
4533	VJ013786	1.00	ja
4535	VJ010883	1.00	ja
4536	VJ010667	1.00	en
4539	VJ009478	1.00	ja
4540	RJ168122	1.00	ja
4541	VJ007588	1.00	ja
4542	VJ013377	1.00	ja
4543	RJ303998	1.00	en
4544	VJ008362	1.00	ja
4550	VJ013373	1.00	ja
4551	VJ012090	1.00	ja
4553	VJ002269	1.00	ja
4555	VJ012408	1.00	ja
4557	RJ245573	1.00	ja
4558	RJ272680	1.00	ja
4560	RJ283584	1.00	ja
4564	RJ01043759	1.00	ja
4565	RJ402902	1.00	ja
4568	VJ009043	1.00	ja
4569	RJ147893	1.00	ja
4572	VJ010143	1.00	alias
4573	VJ013378	1.00	ja
4583	VJ001700	1.00	ja
4584	VJ006155	1.00	ja
4585	VJ006128	1.00	ja
4586	VJ005828	1.00	ja
4587	VJ006590	1.00	ja
4589	VJ006172	1.00	ja
4590	VJ007863	1.00	ja
4591	VJ009014	1.00	ja
4598	RJ162718	0.68	ja
4600	RJ036446	1.00	ja
4604	VJ006517	1.00	ja
4605	VJ007102	1.00	ja
4611	VJ005117	0.73	en
4615	RJ172370	1.00	ja
4616	VJ004364	1.00	ja
4620	VJ005091	1.00	ja
4621	VJ004498	1.00	ja
4622	VJ005739	1.00	ja
4623	VJ002352	1.00	ja
4624	VJ002353	1.00	ja
4625	VJ002331	1.00	ja
4626	VJ002332	1.00	ja
4629	VJ001278	1.00	ja
4639	VJ007276	1.00	ja
4642	VJ004847	1.00	en
4644	RJ428460	1.00	zh
4647	VJ006827	1.00	en
4648	RJ01115808	1.00	zh
4649	VJ004233	1.00	ja
4658	VJ008062	1.00	ja
4660	VJ003332	1.00	ja
4661	VJ002956	1.00	ja
4662	VJ012664	1.00	ja
4664	VJ004520	0.63	alias
4665	VJ011792	1.00	ja
4668	VJ001420	0.67	alias
4670	VJ012272	1.00	alias
4672	VJ012148	1.00	ja
4673	VJ013294	1.00	ja
4675	RJ01291175	1.00	ja
4680	RJ171370	1.00	ja
4681	RJ064060	1.00	ja
4689	RJ361453	1.00	ja
4690	VJ009818	1.00	ja
4691	VJ014020	1.00	ja
4692	VJ014676	1.00	ja
4696	VJ003607	1.00	ja
4704	VJ009250	1.00	ja
4705	VJ012940	1.00	ja
4706	VJ010272	1.00	ja
4707	VJ011365	1.00	ja
4709	VJ007711	1.00	alias
4711	VJ001840	1.00	alias
4712	VJ015242	1.00	alias
4731	VJ012669	1.00	ja
4738	VJ003988	1.00	ja
4739	RJ166604	1.00	ja
4741	RJ01084951	1.00	ja
4743	RJ182316	1.00	ja
4744	VJ010271	1.00	alias
4748	VJ008026	1.00	ja
4754	VJ015176	1.00	alias
4755	VJ015383	1.00	alias
4756	RJ105320	1.00	alias
4765	VJ010142	1.00	ja
4770	VJ013566	1.00	alias
4775	VJ002627	1.00	ja
4777	VJ006871	1.00	alias
4778	VJ003645	1.00	ja
4780	RJ162939	1.00	ja
4783	RJ100868	1.00	ja
4787	RJ187285	1.00	ja
4788	VJ008475	1.00	ja
4789	VJ008712	1.00	alias
4791	VJ007836	1.00	ja
4793	VJ012234	1.00	ja
4796	VJ008862	1.00	ja
4798	VJ013286	1.00	ja
4799	VJ008349	1.00	ja
4800	VJ011605	1.00	ja
4801	RJ01464044	1.00	ja
4802	VJ007007	1.00	ja
4807	RJ118353	1.00	ja
4808	VJ007734	1.00	ja
4815	RJ01027616	1.00	ja
4816	RJ259417	1.00	ja
4817	RJ207368	1.00	ja
4818	RJ109035	1.00	ja
4819	RJ140827	1.00	ja
4820	RJ365188	1.00	ja
4821	VJ011065	1.00	ja
4823	RJ304857	1.00	ja
4830	VJ012382	1.00	ja
4832	VJ003549	1.00	ja
4833	RJ123732	1.00	ja
4835	VJ013287	1.00	ja
4836	RJ327290	1.00	ja
4837	RJ01119992	1.00	ja
4838	RJ068210	1.00	ja
4845	RJ113805	1.00	ja
4846	RJ01459897	1.00	ja
4847	RJ088241	1.00	ja
4851	VJ001772	1.00	ja
4853	VJ014710	1.00	ja
4855	VJ013737	1.00	ja
4856	VJ013963	1.00	ja
4857	VJ010193	1.00	ja
4859	VJ014442	1.00	ja
4860	VJ011611	1.00	ja
4861	VJ010793	1.00	ja
4862	VJ007163	1.00	ja
4863	VJ005736	1.00	ja
4864	VJ003680	1.00	ja
4865	RJ068209	1.00	ja
4866	RJ01525654	1.00	ja
4867	RJ229652	1.00	ja
4868	RJ275674	1.00	ja
4869	RJ115679	1.00	ja
4871	VJ014405	1.00	ja
4873	VJ010023	1.00	ja
4876	VJ011676	1.00	ja
4877	VJ013420	1.00	ja
4878	VJ015697	1.00	en
4880	VJ005214	1.00	ja
4882	VJ012850	1.00	ja
4883	VJ005454	1.00	ja
4884	RJ01067660	1.00	ja
4889	RJ109461	1.00	ja
4890	VJ012245	1.00	ja
4892	RJ102633	1.00	ja
4900	VJ007000	1.00	ja
4901	RJ01570733	1.00	ja
4906	VJ006512	1.00	ja
4907	RJ212460	1.00	ja
4908	RJ212461	1.00	ja
4909	VJ010282	1.00	ja
4913	VJ005818	1.00	ja
4914	RJ194007	1.00	en
4919	VJ009411	1.00	ja
4921	VJ015143	1.00	ja
4923	RJ01427702	1.00	ja
4924	RJ264150	1.00	ja
4927	VJ009466	0.90	ja
4929	RJ190088	1.00	ja
4933	VJ003931	1.00	ja
4934	VJ003475	1.00	alias
4937	VJ011694	1.00	ja
4939	RJ213180	1.00	ja
4940	VJ012210	1.00	ja
4941	VJ004253	1.00	ja
4942	VJ009536	1.00	ja
4943	VJ004226	1.00	ja
4955	VJ007777	1.00	ja
4956	VJ010746	1.00	ja
4958	VJ004257	1.00	ja
4959	VJ010783	1.00	ja
4960	VJ008827	1.00	ja
4962	VJ001848	1.00	alias
4963	VJ001852	1.00	ja
4964	VJ001853	1.00	ja
4966	VJ010834	1.00	ja
4967	VJ005715	1.00	ja
4968	VJ010835	1.00	ja
4969	VJ012247	1.00	ja
4971	VJ015670	1.00	ja
4973	VJ010056	1.00	ja
4974	VJ008693	1.00	ja
4976	VJ009246	1.00	ja
4978	VJ010639	1.00	ja
4981	VJ005883	1.00	ja
4986	RJ162062	1.00	ja
4988	RJ024121	1.00	en
4989	RJ024198	1.00	alias
4990	RJ024315	1.00	alias
4992	RJ024363	1.00	ja
4993	RJ024530	1.00	alias
4994	RJ024758	1.00	ja
4995	RJ024556	1.00	ja
4996	RJ024871	1.00	ja
4997	RJ025072	1.00	ja
4998	RJ034204	1.00	ja
4999	RJ053815	1.00	ja
5001	RJ035918	1.00	ja
5003	RJ068443	1.00	ja
5005	RJ198314	1.00	ja
5006	RJ243827	1.00	ja
5009	VJ009808	1.00	ja
5010	VJ002082	1.00	ja
5011	VJ011893	1.00	ja
5012	VJ007758	1.00	ja
5014	RJ034581	0.93	ja
5017	VJ009424	1.00	ja
5018	VJ013050	1.00	ja
5024	VJ012493	0.94	ja
5042	VJ008958	1.00	ja
5043	VJ004842	1.00	ja
5052	RJ109462	1.00	alias
5053	VJ006500	1.00	ja
5054	VJ012508	1.00	ja
5055	RJ185296	1.00	ja
5056	RJ146653	1.00	ja
5057	VJ013218	1.00	ja
5058	VJ009994	1.00	ja
5062	VJ004170	1.00	ja
5068	VJ006304	1.00	ja
5070	VJ011836	1.00	ja
5071	VJ010774	1.00	ja
5072	RJ104965	1.00	alias
5074	VJ002069	1.00	ja
5075	RJ329202	1.00	ja
5076	RJ356491	1.00	ja
5077	VJ006199	1.00	ja
5078	VJ013700	1.00	ja
5080	VJ002708	1.00	ja
5081	RJ01212921	1.00	ja
5082	RJ01175290	1.00	ja
5083	VJ010332	1.00	ja
5085	VJ004644	1.00	ja
5086	VJ003867	0.90	ja
5087	VJ005864	1.00	ja
5088	VJ003935	1.00	en
5089	VJ008636	1.00	ja
5092	RJ01489468	1.00	ja
5099	VJ003344	1.00	ja
5103	RJ01342272	1.00	alias
5104	RJ093458	1.00	ja
5105	RJ102452	1.00	ja
5107	RJ095826	1.00	ja
5108	VJ010597	1.00	ja
5109	RJ096919	1.00	ja
5110	RJ120931	1.00	ja
5111	VJ014440	1.00	ja
5112	RJ146889	1.00	ja
5113	RJ110465	1.00	ja
5123	RJ288623	1.00	ja
5124	RJ01215944	1.00	ja
5128	VJ005434	1.00	en
5131	RJ01131895	1.00	ja
5134	VJ013785	1.00	ja
5136	RJ116935	1.00	ja
5137	RJ01070112	1.00	ja
5138	VJ013532	1.00	ja
5143	VJ004173	1.00	ja
5145	VJ006463	1.00	ja
5146	VJ006531	1.00	ja
5147	VJ009551	1.00	en
5148	VJ007585	1.00	ja
5153	RJ01557100	1.00	ja
5155	RJ140772	1.00	ja
5156	RJ417302	1.00	ja
5157	RJ326389	1.00	ja
5158	RJ124923	1.00	ja
5160	RJ257912	1.00	ja
5161	RJ01016450	1.00	ja
5162	RJ01037987	1.00	ja
5163	RJ193424	1.00	ja
5165	RJ225256	1.00	ja
5167	RJ169878	1.00	ja
5168	VJ013275	1.00	ja
5172	VJ009267	1.00	ja
5173	VJ006278	1.00	ja
5174	VJ005806	1.00	ja
5175	VJ005658	1.00	ja
5176	VJ005527	1.00	ja
5178	VJ007975	1.00	ja
5182	VJ007464	1.00	ja
5183	VJ006232	0.89	ja
5184	VJ006205	1.00	ja
5188	RJ01520708	1.00	ja
5189	VJ001285	0.96	ja
5193	RJ068871	1.00	ja
5194	RJ01544855	1.00	en
5200	VJ011834	1.00	ja
5201	VJ012099	1.00	ja
5202	VJ015181	1.00	ja
5203	VJ014899	1.00	ja
5204	VJ014594	1.00	ja
5205	VJ013597	1.00	ja
5209	VJ009404	1.00	ja
5211	VJ012175	1.00	ja
5212	VJ009493	1.00	ja
5213	RJ01166474	1.00	ja
5217	VJ015172	1.00	ja
5219	RJ195759	1.00	ja
5221	VJ010859	1.00	ja
5222	VJ012739	1.00	ja
5223	VJ010151	1.00	ja
5224	RJ413065	1.00	ja
5225	RJ283146	1.00	ja
5226	RJ218380	1.00	ja
5230	VJ004653	1.00	ja
5232	RJ337790	1.00	ja
5235	VJ014650	1.00	ja
5236	RJ348335	1.00	ja
5237	RJ01383104	1.00	ja
5240	VJ011367	1.00	ja
5241	VJ002203	1.00	ja
5242	VJ003968	1.00	ja
5243	VJ003674	1.00	ja
5244	VJ012476	1.00	ja
5245	VJ003411	1.00	ja
5249	RJ327289	1.00	ja
5250	RJ126250	1.00	ja
5256	VJ015703	1.00	ja
5258	VJ014784	1.00	ja
5261	VJ004889	1.00	ja
5263	VJ011170	1.00	ja
5265	VJ010568	1.00	ja
5278	VJ010280	1.00	ja
5293	VJ015541	1.00	ja
5297	RJ310618	1.00	ja
5300	VJ002101	1.00	ja
5301	VJ010145	1.00	ja
5302	VJ012213	1.00	ja
5303	VJ010412	1.00	ja
5304	VJ006639	1.00	ja
5309	VJ006998	1.00	ja
5315	VJ005058	1.00	ja
5316	VJ006273	1.00	ja
5318	VJ007929	1.00	ja
5320	VJ009821	1.00	ja
5321	VJ003696	1.00	ja
5325	RJ304661	0.92	ja
5326	VJ015124	1.00	ja
5328	VJ001455	1.00	ja
5329	VJ001457	1.00	ja
5335	VJ015801	1.00	ja
5339	RJ136232	1.00	ja
5341	VJ005098	1.00	ja
5342	VJ005935	1.00	ja
5347	VJ005393	1.00	ja
5348	VJ006399	1.00	ja
5352	VJ005993	1.00	ja
5353	RJ200698	1.00	ja
5354	VJ015698	1.00	ja
5355	VJ014960	1.00	ja
5356	VJ013208	1.00	zh
5357	RJ290971	1.00	ja
5358	RJ292813	1.00	ja
5361	VJ005149	1.00	ja
5368	RJ259035	1.00	ja
5370	VJ009894	1.00	ja
5372	VJ015606	1.00	ja
5373	RJ162899	1.00	ja
5375	RJ01052977	1.00	ja
5378	VJ012585	1.00	ja
5382	VJ015245	1.00	ja
5383	VJ014503	1.00	ja
5384	VJ015340	1.00	ja
5388	VJ007825	1.00	ja
5397	VJ006677	1.00	ja
5398	VJ015110	1.00	ja
5399	VJ010782	1.00	ja
5400	VJ014581	1.00	ja
5401	VJ015168	1.00	ja
5404	VJ009001	1.00	ja
5406	RJ108740	1.00	ja
5407	VJ013194	1.00	ja
5408	VJ013440	1.00	ja
5414	VJ012465	1.00	ja
5415	VJ014809	1.00	ja
5416	VJ014736	1.00	ja
5417	VJ014893	1.00	ja
5418	VJ009576	1.00	ja
5419	VJ009013	1.00	ja
5420	VJ008891	1.00	ja
5421	RJ293766	1.00	ja
5422	RJ268401	1.00	en
5424	RJ150352	1.00	ja
5427	VJ013817	1.00	ja
5428	VJ006015	1.00	zh
5429	VJ014511	1.00	ja
5430	VJ014568	1.00	ja
5431	VJ014043	1.00	ja
5433	VJ013640	1.00	ja
5434	VJ014391	1.00	zh
5435	VJ014335	1.00	ja
5436	VJ014331	1.00	ja
5437	VJ005900	1.00	ja
5438	RJ098891	1.00	ja
5439	VJ010886	1.00	alias
5440	VJ012501	1.00	alias
5441	VJ011784	0.96	alias
5442	VJ011970	1.00	ja
5443	RJ181354	1.00	ja
5444	VJ014029	1.00	ja
5445	VJ014195	1.00	ja
5446	VJ014133	1.00	ja
5447	VJ005339	1.00	ja
5448	VJ005530	1.00	ja
5449	VJ014554	1.00	ja
5450	VJ014724	1.00	ja
5456	VJ013909	1.00	ja
5457	VJ013920	1.00	ja
5458	RJ112529	1.00	ja
5460	VJ013434	1.00	ja
5461	VJ013010	1.00	ja
5466	RJ01584718	1.00	ja
5467	VJ013729	1.00	ja
5468	VJ003558	1.00	ja
5469	VJ013800	1.00	ja
5470	RJ172361	1.00	ja
5471	VJ013643	1.00	ja
5472	VJ012921	1.00	ja
5474	VJ013738	1.00	ja
5475	VJ003435	1.00	ja
5476	RJ165052	1.00	ja
5477	VJ008033	1.00	en
5478	VJ011875	1.00	ja
5479	VJ015743	1.00	ja
5482	VJ013505	1.00	ja
5483	VJ013500	1.00	ja
5484	RJ249407	1.00	ja
5485	RJ175775	1.00	ja
5486	VJ003318	1.00	ja
5487	VJ003566	1.00	ja
5488	VJ003893	1.00	ja
5491	VJ013521	1.00	ja
5492	VJ012330	1.00	ja
5494	RJ044722	1.00	ja
5495	RJ01182528	1.00	ja
5496	VJ013445	1.00	ja
5497	VJ013360	1.00	ja
5498	RJ181353	1.00	ja
5499	RJ191640	1.00	ja
5506	VJ013954	1.00	ja
5507	VJ014327	1.00	ja
5508	VJ015040	1.00	ja
5510	VJ015039	1.00	ja
5511	VJ002414	1.00	ja
5514	VJ013260	1.00	ja
5515	VJ012701	1.00	ja
5516	VJ013151	1.00	ja
5517	RJ089708	0.96	ja
5518	VJ007992	1.00	ja
5519	VJ013063	1.00	ja
5520	RJ229651	1.00	ja
5521	RJ227817	1.00	ja
5522	VJ012380	1.00	ja
5523	RJ407994	1.00	ja
5524	RJ128440	1.00	ja
5525	RJ124897	1.00	ja
5526	RJ082516	1.00	ja
5527	VJ006669	1.00	ja
5532	VJ007358	1.00	ja
5533	VJ009928	1.00	ja
5534	VJ013015	1.00	ja
5535	VJ012950	1.00	ja
5537	RJ225258	1.00	ja
5538	RJ118546	1.00	ja
5539	VJ015742	1.00	ja
5543	VJ007195	0.96	ja
5544	VJ005690	1.00	ja
5545	VJ012524	1.00	ja
5546	VJ012881	1.00	ja
5547	VJ012776	1.00	ja
5549	VJ005479	1.00	ja
5550	RJ097642	1.00	ja
5553	RJ01532752	1.00	ja
5554	VJ009520	1.00	ja
5556	VJ005944	1.00	ja
5557	VJ005126	1.00	ja
5558	VJ004466	1.00	ja
5559	VJ004389	1.00	ja
5560	VJ002780	1.00	ja
5562	VJ012769	1.00	ja
5563	VJ012002	1.00	ja
5564	VJ012269	1.00	ja
5565	RJ110700	1.00	ja
5570	VJ005914	1.00	ja
5571	VJ005895	1.00	zh
5572	VJ006034	1.00	ja
5573	VJ006013	1.00	ja
5579	VJ003697	1.00	ja
5588	VJ004809	1.00	ja
5591	VJ006437	1.00	en
5594	RJ143397	1.00	ja
5600	VJ011054	1.00	ja
5601	VJ012600	1.00	ja
5602	VJ012555	1.00	ja
5605	RJ209477	1.00	ja
5606	RJ204925	1.00	ja
5607	VJ004372	1.00	ja
5611	VJ011405	1.00	ja
5612	VJ005406	1.00	ja
5613	VJ005481	0.67	ja
5615	VJ013326	1.00	ja
5617	RJ232901	1.00	ja
5619	VJ002442	1.00	ja
5620	RJ01188792	0.67	en
5621	VJ002474	1.00	ja
5622	RJ029999	1.00	ja
5624	VJ006834	1.00	en
5625	RJ113751	1.00	ja
5635	RJ094086	1.00	ja
5637	RJ01176129	1.00	alias
5638	RJ202655	1.00	ja
5639	VJ003817	1.00	ja
5640	VJ011507	1.00	ja
5641	VJ012344	1.00	ja
5642	VJ012246	1.00	ja
5643	VJ012130	1.00	ja
5644	RJ187286	1.00	ja
5645	VJ002811	1.00	ja
5649	VJ012080	1.00	ja
5650	VJ012024	1.00	ja
5651	VJ011978	1.00	ja
5652	RJ181355	1.00	ja
5653	RJ01314489	1.00	ja
5657	RJ271687	1.00	ja
5658	VJ012559	1.00	ja
5659	VJ014351	1.00	ja
5660	VJ013921	1.00	ja
5661	VJ011973	1.00	ja
5664	RJ374389	1.00	ja
5666	VJ002482	1.00	ja
5667	VJ002407	1.00	ja
5674	VJ002408	1.00	ja
5678	VJ011967	1.00	ja
5679	VJ011787	1.00	ja
5683	VJ009441	1.00	ja
5684	RJ042327	1.00	ja
5686	VJ005081	1.00	ja
5688	VJ011896	1.00	ja
5689	VJ010853	1.00	ja
5690	VJ011858	1.00	ja
5691	RJ165053	1.00	ja
5692	RJ165051	1.00	ja
5695	VJ011791	1.00	ja
5696	VJ009363	1.00	ja
5697	RJ162714	1.00	ja
5698	RJ159189	1.00	ja
5700	VJ010281	1.00	alias
5702	VJ011623	1.00	ja
5703	VJ010997	1.00	ja
5704	RJ157315	1.00	ja
5706	VJ004871	1.00	en
5708	VJ004843	1.00	en
5709	VJ005438	0.80	alias
5710	VJ011478	1.00	ja
5711	VJ011312	1.00	ja
5712	VJ011288	1.00	ja
5713	RJ143599	1.00	ja
5714	VJ001800	1.00	en
5716	VJ008825	1.00	ja
5717	VJ011250	1.00	ja
5718	VJ011246	1.00	ja
5719	VJ011082	1.00	ja
5722	RJ137988	1.00	ja
5723	RJ134775	1.00	ja
5725	VJ010991	1.00	ja
5726	VJ010921	1.00	ja
5727	VJ010915	1.00	ja
5728	RJ134774	1.00	ja
5730	RJ133795	1.00	ja
5731	RJ129306	1.00	ja
5734	VJ010825	1.00	ja
5735	VJ010741	1.00	ja
5736	VJ010657	1.00	ja
5737	VJ010644	1.00	ja
5738	RJ129307	1.00	ja
5739	RJ123731	1.00	ja
5740	RJ122151	1.00	ja
5741	VJ012733	0.93	ja
5744	RJ198052	1.00	alias
5745	VJ010580	1.00	ja
5746	VJ010579	1.00	ja
5747	VJ010500	1.00	ja
5748	RJ119676	1.00	ja
5749	RJ118545	1.00	ja
5750	RJ118544	1.00	ja
5752	VJ010429	1.00	ja
5753	VJ010428	1.00	ja
5754	VJ010368	1.00	ja
5755	VJ010353	1.00	ja
5756	RJ117609	1.00	alias
5757	RJ115680	1.00	ja
5758	VJ006819	1.00	ja
5761	VJ011030	1.00	ja
5762	RJ319875	1.00	ja
5764	RJ351743	1.00	ja
5770	VJ010226	1.00	ja
5771	VJ010213	1.00	ja
5772	VJ010155	1.00	ja
5773	RJ109460	1.00	ja
5774	RJ107521	1.00	ja
5775	RJ105453	1.00	ja
5776	RJ097643	1.00	ja
5778	VJ010079	1.00	ja
5779	VJ010008	1.00	ja
5780	VJ010009	1.00	ja
5781	VJ009926	1.00	ja
5782	RJ102417	1.00	ja
5783	RJ102416	1.00	ja
5784	RJ100029	1.00	ja
5785	RJ101182	1.00	ja
5787	VJ006074	1.00	ja
5790	VJ005821	1.00	ja
5791	VJ004476	1.00	ja
5792	VJ003646	1.00	ja
5793	VJ002645	1.00	ja
5795	VJ009838	1.00	ja
5796	VJ009758	1.00	ja
5797	VJ002552	1.00	ja
5798	VJ002486	1.00	ja
5799	VJ001939	1.00	ja
5802	VJ008162	1.00	en
5809	VJ009624	1.00	ja
5810	VJ009488	1.00	ja
5812	RJ096090	1.00	ja
5813	RJ096089	1.00	ja
5814	VJ015013	0.94	ja
5816	RJ01606102	1.00	ja
5817	VJ009322	1.00	ja
5818	VJ009259	1.00	ja
5819	RJ085621	1.00	ja
5830	VJ007422	1.00	ja
5831	VJ006818	1.00	ja
5832	VJ005333	1.00	ja
5835	VJ003384	1.00	ja
5836	VJ002732	1.00	ja
5837	RJ084628	1.00	ja
5843	VJ011182	1.00	ja
5844	VJ007544	1.00	ja
5846	VJ007834	1.00	ja
5847	RJ079840	1.00	ja
5848	RJ075515	1.00	ja
5850	RJ059905	1.00	ja
5851	RJ430754	0.86	ja
5853	VJ012366	1.00	ja
5854	VJ009691	1.00	ja
5855	VJ011165	1.00	ja
5860	RJ01236167	1.00	alias
5863	RJ295396	1.00	ja
5866	VJ002900	1.00	ja
5872	VJ013073	1.00	zh
5893	VJ002236	0.67	alias
5894	VJ002238	1.00	ja
5897	VJ003554	1.00	ja
5900	VJ003989	1.00	ja
5901	VJ004267	1.00	ja
5902	VJ008753	1.00	ja
5903	VJ002239	1.00	ja
5904	VJ006901	1.00	ja
5905	VJ008811	1.00	en
5906	VJ006902	1.00	alias
5907	VJ006985	1.00	ja
5912	RJ01392095	1.00	alias
5916	VJ008588	1.00	ja
5917	VJ008708	1.00	ja
5918	VJ008780	0.92	ja
5919	VJ012510	1.00	en
5920	VJ008752	1.00	ja
5921	VJ008680	1.00	ja
5923	VJ014761	1.00	ja
5924	VJ014763	0.97	ja
5925	RJ178362	0.93	alias
5926	VJ014762	1.00	ja
5929	VJ012511	1.00	ja
5930	VJ008305	0.83	ja
5931	VJ004322	1.00	alias
5935	VJ006654	1.00	ja
5937	VJ005054	1.00	alias
5938	VJ006580	1.00	ja
5939	VJ003559	1.00	ja
5941	VJ007716	1.00	ja
5942	VJ008914	0.79	ja
5951	VJ006630	1.00	ja
5952	VJ007061	1.00	ja
5954	RJ01542607	1.00	ja
5955	VJ004339	1.00	ja
5956	VJ006305	1.00	ja
5960	VJ013324	1.00	ja
5961	VJ012065	1.00	ja
5962	VJ010577	1.00	ja
5963	VJ010871	1.00	ja
5965	VJ008324	1.00	ja
5966	VJ008189	1.00	alias
5967	VJ009263	1.00	ja
5968	VJ007641	1.00	ja
5969	VJ007642	1.00	ja
5973	VJ005759	1.00	en
5974	VJ005751	1.00	en
5975	VJ005431	1.00	en
5976	VJ006828	1.00	en
5977	VJ013407	1.00	ja
5985	RJ01348449	1.00	ja
5987	RJ220780	1.00	ja
5988	RJ188457	1.00	ja
5993	VJ014192	1.00	ja
5994	RJ091782	1.00	ja
5995	RJ096156	1.00	ja
5998	RJ01116473	1.00	ja
6000	RJ01180752	1.00	ja
6001	RJ419862	1.00	ja
6002	RJ321900	1.00	ja
6003	RJ202819	1.00	ja
6004	RJ080964	1.00	en
6005	RJ120605	1.00	ja
6006	RJ100668	1.00	ja
6007	RJ048751	1.00	en
6008	RJ041607	1.00	en
6009	RJ066934	1.00	ja
6010	RJ081603	1.00	ja
6011	RJ01070630	1.00	ja
6012	RJ01144461	1.00	ja
6013	RJ075041	1.00	ja
6014	RJ035854	1.00	ja
6015	RJ045287	1.00	ja
6016	RJ057055	1.00	ja
6017	RJ059623	1.00	ja
6022	VJ005785	1.00	ja
6023	VJ006756	1.00	ja
6024	VJ006795	1.00	ja
6026	RJ183212	1.00	ja
6030	VJ009252	1.00	en
6032	VJ009252	1.00	ja
6034	RJ157385	1.00	ja
6035	RJ144879	1.00	ja
6036	RJ134896	1.00	ja
6037	RJ167732	1.00	ja
6038	RJ175557	1.00	ja
6039	RJ126527	1.00	ja
6040	RJ189798	1.00	ja
6042	VJ006410	1.00	ja
6043	RJ063620	1.00	ja
6044	RJ043284	1.00	ja
6045	RJ107539	1.00	ja
6046	RJ079237	1.00	ja
6047	RJ086430	1.00	ja
6048	RJ096356	1.00	ja
6049	RJ071491	1.00	ja
6050	RJ052250	1.00	ja
6051	RJ061471	1.00	ja
6053	RJ01473408	1.00	ja
6057	VJ004422	1.00	ja
6062	VJ007107	1.00	ja
6066	VJ008465	1.00	ja
6068	VJ006132	1.00	ja
6069	VJ006973	1.00	ja
6071	VJ007235	1.00	ja
6072	VJ007316	1.00	ja
6080	VJ013560	1.00	alias
6081	RJ397323	1.00	ja
6082	RJ392207	1.00	ja
6083	RJ236688	1.00	ja
6084	VJ013501	1.00	ja
6085	VJ013431	1.00	ja
6087	VJ005927	1.00	ja
6088	VJ013251	1.00	ja
6089	VJ005702	1.00	ja
6090	RJ211353	1.00	ja
6092	VJ006271	1.00	en
6093	VJ004413	1.00	alias
6094	VJ013127	1.00	ja
6095	RJ202661	1.00	ja
6096	RJ180668	1.00	ja
6097	VJ013072	1.00	ja
6098	RJ155219	1.00	ja
6099	VJ012770	1.00	ja
6100	VJ012700	1.00	ja
6101	RJ152179	1.00	ja
6102	VJ004589	1.00	ja
6103	VJ005039	1.00	ja
6105	VJ008328	1.00	en
6108	VJ006805	1.00	ja
6109	VJ010186	1.00	ja
6110	VJ010989	1.00	ja
6111	VJ013675	1.00	ja
6113	VJ006806	1.00	ja
6114	VJ007196	1.00	ja
6117	VJ012586	1.00	ja
6118	VJ009749	1.00	ja
6119	VJ009663	1.00	ja
6120	VJ009748	1.00	ja
6123	VJ010829	1.00	ja
6127	VJ012464	1.00	ja
6129	VJ005469	1.00	ja
6133	VJ004365	1.00	ja
6139	VJ008109	1.00	ja
6140	VJ012057	1.00	ja
6144	VJ001444	1.00	ja
6148	RJ152618	1.00	ja
6153	VJ005199	1.00	ja
6161	VJ002412	1.00	ja
6164	VJ002324	1.00	ja
6166	VJ001874	0.86	ja
6169	RJ149039	1.00	ja
6175	RJ419729	1.00	ja
6180	RJ128924	1.00	ja
6181	VJ003634	1.00	ja
6182	VJ011556	1.00	ja
6188	VJ005631	1.00	ja
6189	VJ005389	1.00	ja
6190	VJ006797	1.00	ja
6193	VJ003365	1.00	ja
6194	VJ005015	1.00	ja
6195	VJ009044	1.00	alias
6196	VJ013214	1.00	ja
6200	VJ003398	1.00	ja
6205	RJ01275248	1.00	ja
6209	VJ007392	1.00	ja
6218	VJ006258	1.00	ja
6220	VJ006189	1.00	ja
6222	VJ010678	1.00	ja
6225	VJ013375	1.00	ja
6228	VJ008096	1.00	ja
6229	VJ012238	1.00	ja
6235	VJ006711	1.00	ja
6236	RJ376480	1.00	ja
6238	RJ050880	1.00	ja
6240	RJ056528	1.00	ja
6242	RJ078893	1.00	ja
6244	RJ035643	1.00	ja
6245	VJ004743	1.00	ja
6248	VJ003473	1.00	ja
6249	RJ145949	1.00	ja
6250	VJ003444	1.00	ja
6256	VJ006651	1.00	ja
6257	VJ006742	0.77	ja
6264	VJ003419	1.00	ja
6265	VJ002318	1.00	ja
6266	VJ003391	1.00	ja
6269	VJ006081	1.00	ja
6271	VJ007978	1.00	ja
6276	VJ007440	1.00	ja
6279	VJ004904	1.00	ja
6281	VJ002576	1.00	ja
6283	VJ004448	1.00	ja
6284	VJ005297	1.00	ja
6286	VJ001134	1.00	alias
6288	VJ001741	1.00	ja
6297	VJ001269	1.00	ja
6303	VJ011249	0.93	ja
6304	RJ146551	1.00	ja
6313	VJ004178	1.00	ja
6314	VJ003701	1.00	ja
6315	VJ005244	1.00	ja
6319	VJ003846	1.00	ja
6327	RJ091042	1.00	alias
6328	RJ182058	1.00	ja
6332	RJ188553	1.00	ja
6333	RJ165813	1.00	ja
6335	VJ005211	1.00	en
6345	VJ003557	1.00	ja
6346	VJ003520	1.00	ja
6349	VJ003843	1.00	ja
6362	VJ004144	1.00	ja
6366	RJ155907	1.00	ja
6367	RJ098874	1.00	ja
6371	RJ193932	1.00	ja
6374	RJ154427	1.00	ja
6376	VJ007772	1.00	ja
6377	VJ004270	1.00	alias
6378	VJ004138	1.00	ja
6384	VJ010872	1.00	ja
6388	VJ002863	0.94	ja
6397	RJ051132	1.00	ja
6402	VJ002073	1.00	alias
6404	RJ051823	1.00	ja
6408	VJ003546	1.00	ja
6410	VJ007406	1.00	ja
6414	VJ008880	1.00	ja
6417	VJ002689	1.00	ja
6424	VJ002690	1.00	ja
6433	VJ009422	1.00	ja
6456	VJ003695	1.00	ja
6462	RJ165958	1.00	ja
6470	VJ002614	1.00	ja
6472	VJ003432	1.00	ja
6473	RJ083422	1.00	ja
6474	RJ066912	1.00	ja
6475	RJ073412	0.88	ja
6476	RJ088328	1.00	ja
6479	VJ010286	1.00	ja
6480	RJ180354	1.00	ja
6483	VJ003740	1.00	ja
6484	VJ009187	1.00	ja
6485	VJ009688	1.00	ja
6486	VJ010014	1.00	ja
6487	VJ002886	1.00	ja
6489	VJ006379	1.00	ja
6490	VJ009567	1.00	ja
6503	RJ214802	1.00	alias
6505	RJ018489	1.00	ja
6506	VJ014714	1.00	ja
6507	VJ005253	1.00	ja
6509	VJ005359	1.00	ja
6510	RJ053791	1.00	ja
6513	RJ017321	1.00	ja
6515	RJ065540	1.00	ja
6518	RJ013759	1.00	ja
6521	RJ072783	1.00	ja
6523	VJ006990	1.00	en
6526	VJ003627	1.00	ja
6527	RJ092970	1.00	ja
6531	VJ004182	1.00	ja
6533	RJ030340	1.00	ja
6536	VJ009588	1.00	ja
6543	VJ003794	1.00	ja
6544	RJ069950	1.00	ja
6545	VJ007931	1.00	ja
6546	VJ008319	1.00	ja
6548	VJ008586	1.00	ja
6550	VJ009458	1.00	ja
6552	RJ074787	1.00	ja
6567	RJ017996	1.00	ja
6569	RJ097330	1.00	ja
6573	RJ015256	1.00	ja
6574	RJ081571	1.00	ja
6575	RJ068400	1.00	ja
6576	RJ311448	1.00	ja
6582	VJ002359	0.93	ja
6583	VJ010775	1.00	ja
6588	RJ01098750	1.00	ja
6589	VJ008210	1.00	ja
6590	VJ011631	1.00	ja
6592	VJ007217	1.00	ja
6593	VJ006476	1.00	ja
6595	VJ005859	1.00	ja
6597	VJ007621	1.00	ja
6598	RJ075583	1.00	ja
6599	RJ103548	1.00	ja
6601	RJ174339	1.00	ja
6602	RJ236148	1.00	ja
6603	RJ138079	1.00	ja
6605	RJ179929	1.00	ja
6607	RJ01017228	1.00	ja
6612	RJ180134	1.00	ja
6619	RJ043828	1.00	ja
6625	VJ002882	1.00	ja
6630	VJ010464	1.00	ja
6631	RJ046599	1.00	ja
6632	VJ005115	1.00	ja
6635	VJ002174	1.00	ja
6641	VJ008565	1.00	ja
6642	VJ004455	1.00	ja
6643	VJ005076	1.00	ja
6644	VJ002570	1.00	ja
6646	VJ004684	1.00	ja
6647	VJ013838	1.00	ja
6648	VJ006154	1.00	ja
6649	VJ012062	1.00	ja
6651	VJ007439	1.00	ja
6652	VJ002852	1.00	alias
6656	VJ001602	1.00	ja
6659	VJ002176	1.00	ja
6662	VJ005835	1.00	ja
6664	VJ007438	1.00	ja
6665	VJ001958	1.00	alias
6669	RJ01335719	1.00	ja
6671	RJ073212	1.00	ja
6672	VJ002360	1.00	ja
6680	VJ008754	0.95	ja
6685	RJ075799	0.97	ja
6686	VJ009705	1.00	ja
6687	VJ009255	1.00	ja
6697	RJ022698	1.00	ja
6701	RJ023781	1.00	ja
6702	RJ028483	1.00	ja
6703	RJ036505	1.00	ja
6704	RJ045189	1.00	ja
6705	RJ058148	1.00	ja
6706	RJ067826	1.00	ja
6707	RJ074045	1.00	ja
6708	RJ080966	1.00	ja
6709	RJ094473	1.00	ja
6712	RJ165153	1.00	ja
6713	RJ078327	1.00	ja
6714	RJ054807	1.00	ja
6715	RJ055790	1.00	ja
6716	RJ060542	1.00	ja
6717	RJ071591	1.00	ja
6718	RJ111035	1.00	ja
6719	RJ098913	1.00	ja
6721	VJ008013	1.00	ja
6722	VJ009094	1.00	ja
6723	RJ145924	1.00	alias
6724	RJ223746	1.00	ja
6725	RJ060838	1.00	ja
6730	VJ007426	1.00	ja
6734	RJ116469	1.00	ja
6735	RJ133146	1.00	ja
6736	RJ120648	1.00	ja
6747	RJ170237	1.00	ja
6748	RJ112134	1.00	ja
6755	RJ269953	1.00	ja
6756	RJ008010	1.00	ja
6759	RJ124279	1.00	ja
6760	VJ006923	1.00	ja
6762	VJ004189	1.00	ja
6772	VJ006429	1.00	alias
6782	RJ027824	1.00	ja
6789	VJ008739	1.00	ja
6791	RJ068934	1.00	ja
6792	RJ074656	1.00	ja
6793	VJ009670	1.00	ja
6794	RJ033066	1.00	ja
6813	RJ171484	1.00	ja
6823	VJ009592	0.89	ja
6825	VJ007795	1.00	ja
6827	VJ007705	1.00	ja
6828	VJ007813	1.00	ja
6831	RJ099986	1.00	alias
6832	VJ004623	1.00	ja
6834	VJ002569	1.00	ja
6844	RJ115795	1.00	ja
6845	VJ008314	1.00	ja
6846	VJ005096	1.00	ja
6849	VJ006830	1.00	ja
6850	VJ005860	1.00	ja
6851	VJ008451	1.00	ja
6852	VJ007054	1.00	ja
6858	VJ001530	1.00	ja
6869	RJ150436	1.00	ja
6870	RJ153512	1.00	ja
6875	RJ048829	1.00	ja
6878	RJ094228	1.00	ja
6884	VJ003813	1.00	ja
6885	RJ137507	0.99	ja
6887	VJ013222	1.00	ja
6894	VJ007093	1.00	ja
6896	VJ007489	1.00	ja
6898	VJ006968	1.00	ja
6904	RJ223274	1.00	ja
6921	VJ003638	1.00	ja
6923	VJ007460	1.00	ja
6926	VJ003978	1.00	ja
6930	VJ006700	1.00	ja
6931	VJ007245	1.00	ja
6936	VJ008216	1.00	ja
6938	VJ008025	1.00	ja
6941	VJ002693	1.00	ja
6942	VJ003631	1.00	ja
6962	VJ004424	1.00	ja
6964	VJ004490	1.00	ja
6966	RJ175673	1.00	ja
6971	VJ004334	1.00	ja
6973	VJ009382	1.00	ja
6974	VJ002736	1.00	ja
6984	VJ009685	1.00	ja
6988	RJ056842	1.00	ja
6990	RJ074885	1.00	ja
6991	RJ079520	1.00	ja
6992	RJ070266	1.00	ja
6993	RJ068673	1.00	ja
6994	RJ033032	1.00	alias
6995	RJ098316	1.00	ja
6996	RJ047920	1.00	ja
6998	RJ050899	1.00	ja
6999	RJ043524	1.00	ja
7000	RJ049973	1.00	ja
7001	RJ058602	1.00	ja
7002	RJ052020	1.00	ja
7013	RJ068436	1.00	ja
7020	RJ333940	1.00	ja
7022	VJ003891	1.00	ja
7023	RJ084583	1.00	ja
7024	RJ107498	1.00	ja
7025	RJ168650	1.00	alias
7041	RJ097396	0.83	ja
7043	RJ038286	1.00	ja
7044	RJ101185	1.00	ja
7045	RJ038499	1.00	ja
7046	RJ043844	0.76	ja
7047	RJ052282	1.00	ja
7048	RJ045758	1.00	ja
7049	RJ045752	1.00	ja
7050	RJ088452	1.00	ja
7051	RJ057830	1.00	ja
7052	RJ181147	1.00	ja
7053	RJ069649	1.00	ja
7055	RJ069650	1.00	ja
7059	VJ002802	1.00	ja
7061	VJ006631	1.00	ja
7083	RJ208370	1.00	ja
7085	RJ417966	1.00	ja
7093	VJ011183	1.00	ja
7094	VJ005070	1.00	ja
7095	RJ331136	1.00	ja
7096	RJ264577	1.00	ja
7097	RJ367923	1.00	ja
7098	RJ044919	1.00	ja
7099	VJ002644	1.00	ja
7102	RJ061841	1.00	ja
7103	RJ234478	1.00	ja
7104	RJ171612	1.00	ja
7106	RJ122375	1.00	ja
7109	RJ072360	1.00	ja
7111	VJ001116	1.00	ja
7113	RJ047744	1.00	ja
7114	RJ033198	0.89	ja
7121	RJ076637	1.00	ja
7123	RJ055325	1.00	ja
7129	VJ004865	1.00	ja
7130	VJ003938	1.00	ja
7131	RJ129815	1.00	ja
7132	RJ137646	1.00	ja
7133	RJ132343	1.00	ja
7134	RJ164448	1.00	ja
7135	RJ123519	1.00	ja
7136	RJ084031	1.00	ja
7137	VJ007189	1.00	ja
7138	RJ137730	1.00	ja
7139	VJ007243	1.00	ja
7144	VJ012537	1.00	ja
7163	RJ024402	1.00	ja
7166	RJ024318	1.00	ja
7180	RJ131164	1.00	ja
7184	RJ073083	1.00	ja
7190	RJ121465	1.00	ja
7191	RJ077508	1.00	ja
7192	RJ061427	1.00	ja
7197	RJ098823	1.00	ja
7198	RJ025275	1.00	ja
7200	RJ309422	1.00	ja
7201	RJ199586	1.00	ja
7204	VJ004031	1.00	ja
7207	VJ011064	1.00	ja
7209	VJ007672	1.00	ja
7213	VJ007084	1.00	ja
7223	VJ011748	1.00	ja
7224	VJ007674	1.00	ja
7228	VJ002904	1.00	ja
7230	RJ01357271	1.00	ja
7233	VJ012774	1.00	ja
7234	VJ003714	1.00	ja
7235	VJ005249	1.00	ja
7243	RJ218484	1.00	ja
7245	RJ178038	1.00	ja
7246	VJ007697	1.00	ja
7248	RJ024153	1.00	ja
7251	RJ088022	1.00	ja
7260	VJ003704	1.00	ja
7262	VJ011603	1.00	ja
7264	VJ009236	1.00	ja
7267	VJ009410	1.00	ja
7271	RJ071172	1.00	ja
7273	RJ132746	1.00	ja
7276	VJ007072	1.00	ja
7278	VJ005396	1.00	ja
7279	VJ012857	1.00	ja
7285	VJ006035	1.00	alias
7286	VJ005811	1.00	ja
7292	VJ007412	1.00	ja
7296	VJ007861	1.00	ja
7300	VJ005358	1.00	ja
7301	VJ006826	1.00	ja
7303	RJ133232	1.00	ja
7310	VJ002556	1.00	ja
7312	VJ010290	1.00	ja
7315	RJ077003	1.00	ja
7316	VJ007645	1.00	ja
7318	VJ004304	1.00	ja
7321	VJ007055	1.00	ja
7328	VJ008674	1.00	ja
7332	VJ010395	1.00	ja
7335	VJ007747	1.00	ja
7337	VJ008732	1.00	ja
7338	VJ006060	1.00	ja
7340	RJ150714	1.00	ja
7341	VJ008041	1.00	ja
7343	VJ011342	1.00	ja
7346	VJ002245	1.00	ja
7347	VJ001963	1.00	ja
7349	VJ005626	1.00	ja
7350	VJ006779	1.00	ja
7356	VJ002801	1.00	ja
7362	VJ001521	1.00	ja
7363	VJ008813	1.00	ja
7378	RJ181498	1.00	ja
7380	VJ012233	1.00	ja
7393	RJ075805	1.00	ja
7394	VJ006275	1.00	ja
7398	VJ010820	1.00	ja
7407	VJ009340	1.00	ja
7413	VJ015812	1.00	ja
7414	VJ013051	1.00	ja
7418	VJ010729	1.00	ja
7420	RJ076352	1.00	ja
7421	VJ006913	1.00	ja
7422	VJ004184	1.00	ja
7424	VJ002271	1.00	ja
7426	VJ010601	1.00	ja
7427	VJ003736	0.88	ja
7428	VJ010884	1.00	ja
7432	VJ008281	1.00	ja
7439	VJ010666	1.00	ja
7441	VJ004497	1.00	ja
7443	VJ003711	1.00	ja
7446	RJ031672	1.00	ja
7459	VJ005224	1.00	ja
7462	VJ010531	1.00	ja
7463	VJ011220	1.00	alias
7465	VJ009516	1.00	ja
7468	VJ001740	1.00	ja
7480	RJ080445	1.00	ja
7481	RJ095810	1.00	ja
7494	RJ048686	1.00	ja
7496	RJ194385	1.00	ja
7497	RJ175263	1.00	ja
7498	RJ212334	1.00	ja
7499	RJ218956	1.00	ja
7500	RJ203789	1.00	ja
7506	VJ012270	1.00	ja
7512	VJ005071	1.00	ja
7513	RJ01080136	1.00	ja
7516	RJ128994	1.00	ja
7519	VJ012562	1.00	ja
7522	RJ356209	1.00	ja
7524	VJ007570	1.00	ja
7525	VJ013698	1.00	ja
7530	VJ008208	1.00	ja
7531	VJ007131	1.00	ja
7532	VJ006383	1.00	ja
7539	VJ011738	1.00	ja
7544	VJ007615	1.00	ja
7545	VJ007980	1.00	ja
7547	VJ007278	1.00	ja
7548	VJ013620	1.00	ja
7549	RJ062603	1.00	ja
7550	VJ006568	1.00	ja
7556	RJ053267	1.00	ja
7562	RJ030980	1.00	ja
7569	VJ008327	1.00	ja
7572	VJ008654	1.00	ja
7581	RJ099963	1.00	ja
7582	RJ065363	1.00	ja
7586	RJ128221	1.00	ja
7590	VJ006672	1.00	ja
7601	VJ014697	1.00	ja
7607	VJ010642	1.00	ja
7608	VJ006057	1.00	ja
7610	VJ004605	1.00	ja
7617	RJ160272	1.00	ja
7618	VJ009988	1.00	ja
7621	RJ043070	1.00	ja
7622	RJ071025	1.00	ja
7625	VJ006011	1.00	ja
7631	VJ008188	1.00	ja
7633	VJ007097	1.00	ja
7635	VJ008976	1.00	ja
7636	VJ007394	1.00	ja
7639	RJ229891	1.00	ja
7643	VJ010462	1.00	ja
7646	RJ281893	1.00	ja
7656	VJ001650	1.00	ja
7664	VJ001875	0.80	ja
7676	VJ002580	1.00	ja
7681	VJ009465	1.00	ja
7682	VJ010530	1.00	ja
7698	VJ002102	1.00	ja
7701	RJ064003	1.00	ja
7703	VJ001486	1.00	ja
7714	VJ003856	1.00	ja
7720	VJ012051	1.00	ja
7721	VJ007475	1.00	ja
7722	VJ007953	1.00	ja
7726	VJ007183	1.00	ja
7727	VJ007681	1.00	ja
7732	VJ009525	1.00	ja
7743	RJ299129	1.00	ja
7751	VJ013841	1.00	ja
7761	VJ007601	1.00	ja
7770	RJ332767	1.00	ja
7772	RJ109582	1.00	ja
7775	VJ009133	1.00	ja
7777	VJ003375	1.00	ja
7786	VJ003715	1.00	ja
7788	VJ001029	1.00	ja
7789	VJ007123	1.00	ja
7793	VJ011545	1.00	ja
7798	VJ004935	1.00	ja
7803	RJ040697	1.00	ja
7804	VJ006481	1.00	ja
7805	VJ008781	1.00	alias
7807	RJ071102	1.00	ja
7808	RJ243588	1.00	alias
7810	VJ013153	1.00	ja
7812	RJ01424170	1.00	ja
7820	VJ011954	1.00	ja
7821	VJ004332	1.00	ja
7829	RJ01083766	1.00	ja
7830	VJ008893	1.00	ja
7831	RJ280405	1.00	ja
7834	RJ091006	1.00	ja
7835	RJ098850	1.00	ja
7838	VJ002138	1.00	ja
7842	VJ001450	1.00	ja
7850	RJ323543	1.00	ja
7851	RJ118502	1.00	ja
7854	VJ007689	1.00	ja
7872	VJ004597	1.00	ja
7875	VJ005917	1.00	ja
7889	VJ001742	1.00	ja
7891	VJ001806	1.00	ja
7893	VJ009423	1.00	ja
7895	VJ002603	1.00	ja
7897	VJ001773	1.00	ja
7900	VJ001703	1.00	ja
7905	VJ006719	1.00	ja
7925	VJ002077	1.00	ja
7930	VJ011211	1.00	ja
7937	VJ010109	1.00	ja
7938	VJ012166	1.00	ja
7941	VJ004969	1.00	ja
7944	VJ015637	1.00	ja
7946	VJ006061	1.00	ja
7947	VJ006694	1.00	ja
7949	VJ010455	1.00	ja
7954	RJ076050	1.00	ja
7958	VJ002066	1.00	ja
7965	VJ007661	1.00	ja
7972	RJ035214	1.00	ja
7974	RJ073071	1.00	ja
7979	RJ120900	1.00	ja
7985	RJ181268	0.96	ja
7988	RJ126113	1.00	ja
7990	VJ009694	1.00	ja
7991	VJ009706	1.00	ja
7992	VJ006082	1.00	ja
7997	RJ099666	1.00	ja
7998	RJ367965	1.00	ja
8015	RJ207140	1.00	ja
8016	RJ070200	1.00	ja
8018	RJ038588	1.00	ja
8032	RJ034930	1.00	ja
8033	RJ014527	1.00	ja
8034	RJ014522	1.00	ja
8041	RJ007704	1.00	ja
8043	RJ037822	1.00	ja
8054	RJ109393	1.00	ja
8058	RJ191648	1.00	ja
8061	VJ004999	1.00	ja
8062	RJ224155	1.00	ja
8073	VJ009244	1.00	ja
8074	RJ092998	1.00	ja
8075	RJ111371	1.00	ja
8078	VJ009446	1.00	ja
8079	RJ183179	1.00	ja
8081	RJ098546	1.00	ja
8092	RJ101178	1.00	ja
8094	VJ002505	1.00	ja
8101	VJ008664	1.00	ja
8109	VJ007671	1.00	ja
8122	RJ228341	1.00	ja
8123	RJ070435	1.00	alias
8124	RJ055626	1.00	ja
8125	RJ189915	1.00	ja
8126	RJ081087	1.00	ja
8127	RJ065039	1.00	ja
8128	RJ063375	1.00	ja
8129	RJ167078	1.00	ja
8130	RJ099455	1.00	ja
8132	RJ051902	1.00	alias
8133	RJ059879	1.00	ja
8134	RJ204009	1.00	ja
8135	RJ091733	1.00	ja
8136	RJ145617	1.00	ja
8137	RJ101975	1.00	ja
8139	RJ133350	1.00	ja
8140	RJ126292	1.00	ja
8142	RJ056678	1.00	ja
8143	RJ240844	1.00	ja
8144	RJ097211	1.00	ja
8145	RJ152709	1.00	ja
8146	RJ214480	1.00	ja
8147	RJ138382	1.00	ja
8148	RJ158564	1.00	ja
8150	RJ118910	1.00	ja
8151	RJ180549	1.00	ja
8152	RJ126592	1.00	ja
8160	RJ087750	1.00	ja
8170	VJ006609	1.00	ja
8175	RJ054277	1.00	ja
8176	RJ039003	1.00	ja
8179	VJ002008	1.00	alias
8183	VJ009822	1.00	ja
8186	RJ043872	1.00	ja
8195	VJ003421	1.00	ja
8221	VJ006678	1.00	ja
8222	RJ377049	1.00	ja
8224	RJ243564	1.00	ja
8240	VJ009166	1.00	ja
8246	VJ003700	1.00	ja
8247	VJ003848	1.00	ja
8271	VJ005627	1.00	ja
8272	VJ006438	1.00	ja
8283	RJ044088	1.00	ja
8295	VJ006499	1.00	ja
8301	RJ297813	1.00	ja
8318	RJ108136	1.00	ja
8320	VJ011516	1.00	ja
8325	VJ001471	1.00	ja
8330	RJ067452	1.00	ja
8335	VJ003833	1.00	ja
8341	VJ003818	1.00	ja
8346	VJ010737	1.00	ja
8353	VJ009296	1.00	ja
8355	VJ011744	1.00	ja
8356	VJ011804	1.00	ja
8370	RJ017031	1.00	ja
8371	RJ032501	1.00	alias
8373	VJ005150	1.00	ja
8383	VJ010138	1.00	ja
8385	VJ011443	1.00	ja
8400	VJ010602	1.00	ja
8414	RJ018717	1.00	ja
8427	RJ111196	1.00	ja
8430	RJ095547	1.00	ja
8431	RJ159783	1.00	ja
8432	RJ163082	1.00	ja
8439	RJ106977	1.00	ja
8441	RJ103943	1.00	ja
8442	VJ001414	1.00	alias
8444	VJ004525	1.00	ja
8445	VJ004456	1.00	ja
8446	RJ130526	1.00	ja
8447	RJ109906	1.00	ja
8456	RJ065769	1.00	ja
8457	VJ003728	1.00	ja
8459	VJ008097	1.00	ja
8461	VJ010115	1.00	ja
8462	VJ006642	1.00	ja
8463	VJ007229	1.00	ja
8465	VJ010451	1.00	alias
8469	RJ110992	1.00	ja
8470	RJ194757	1.00	ja
8480	RJ374807	1.00	ja
8486	VJ008502	1.00	ja
8489	RJ197013	1.00	ja
8490	RJ234435	1.00	ja
8493	RJ046815	1.00	ja
8495	RJ389834	0.97	ja
8506	VJ010263	1.00	ja
8519	VJ006765	1.00	ja
8522	RJ137601	1.00	ja
8531	VJ010253	1.00	ja
8533	RJ210520	1.00	ja
8535	VJ004827	1.00	ja
8547	VJ008012	1.00	ja
8550	RJ081989	1.00	ja
8551	VJ011127	1.00	ja
8555	VJ009098	1.00	ja
8556	VJ006943	1.00	ja
8559	RJ184791	1.00	ja
8564	RJ381335	1.00	ja
8570	VJ005300	1.00	ja
8571	VJ007881	1.00	ja
8573	RJ118317	1.00	ja
8582	VJ004777	1.00	ja
8586	VJ010714	1.00	ja
8594	VJ011374	1.00	ja
8596	RJ065582	1.00	ja
8599	RJ123789	1.00	ja
8603	VJ006509	1.00	ja
8605	RJ091542	1.00	ja
8606	RJ056672	1.00	ja
8607	VJ011184	1.00	ja
8608	RJ083578	1.00	alias
8609	RJ391174	1.00	ja
8622	RJ043554	1.00	ja
8626	VJ002451	1.00	ja
8627	VJ008758	1.00	ja
8628	VJ005468	1.00	ja
8629	VJ005598	1.00	ja
8632	RJ169911	1.00	ja
8635	RJ119353	1.00	ja
8636	VJ002287	0.62	alias
8639	RJ113684	1.00	ja
8644	RJ113900	1.00	ja
8645	RJ137594	1.00	ja
8646	RJ020951	1.00	ja
8647	RJ086399	1.00	ja
8648	RJ017491	1.00	ja
8649	RJ097285	1.00	ja
8652	VJ001412	1.00	ja
8657	RJ039322	1.00	ja
8658	RJ071512	1.00	ja
8661	RJ015644	1.00	ja
8664	RJ049530	1.00	ja
8667	RJ041811	1.00	ja
8668	RJ035249	1.00	ja
8676	RJ040725	1.00	ja
8677	RJ037538	1.00	ja
8678	RJ086542	1.00	ja
8679	RJ196593	1.00	ja
8686	RJ160271	1.00	ja
8688	RJ255975	1.00	ja
8689	RJ036298	1.00	ja
8696	RJ040091	1.00	ja
8698	RJ086736	1.00	ja
8700	RJ112257	1.00	alias
8701	RJ149639	1.00	ja
8707	RJ144858	1.00	ja
8710	RJ182347	1.00	ja
8714	VJ011222	1.00	ja
8716	RJ141918	1.00	ja
8720	RJ080458	1.00	ja
8721	RJ044933	1.00	ja
8726	RJ121973	1.00	ja
8730	RJ021154	1.00	ja
8732	RJ047923	1.00	ja
8733	RJ015877	1.00	ja
8739	RJ085801	1.00	ja
8744	RJ049388	1.00	ja
8745	RJ01505993	1.00	ja
8749	RJ171936	1.00	ja
8754	VJ009253	1.00	ja
8759	RJ030600	1.00	alias
8769	RJ041043	1.00	ja
8771	RJ033253	1.00	ja
8772	RJ036827	1.00	ja
8796	VJ006680	1.00	ja
8809	RJ323151	1.00	ja
8819	RJ206667	1.00	ja
8836	VJ006412	1.00	ja
8837	VJ006931	1.00	ja
8848	RJ271743	1.00	ja
8855	RJ043283	1.00	ja
8862	VJ005410	1.00	ja
8865	RJ398181	1.00	ja
8869	VJ004350	1.00	ja
8870	VJ005604	1.00	ja
8878	RJ143354	1.00	ja
8881	VJ008067	1.00	en
8885	RJ100922	1.00	ja
8886	RJ032287	1.00	ja
8887	RJ196125	1.00	ja
8889	RJ150923	1.00	ja
8892	RJ041576	1.00	ja
8894	RJ087010	1.00	ja
8895	RJ059017	1.00	ja
8896	RJ084055	1.00	ja
8897	RJ055893	1.00	ja
8898	RJ058567	1.00	ja
8899	RJ080645	1.00	ja
8901	RJ042651	1.00	ja
8908	RJ068998	1.00	ja
8909	RJ060061	1.00	ja
8910	RJ104338	1.00	ja
8911	RJ038452	1.00	ja
8920	VJ001796	1.00	ja
8923	RJ069873	1.00	ja
8926	VJ007695	1.00	ja
8929	VJ011140	1.00	ja
8931	RJ204638	1.00	ja
8932	VJ008810	1.00	ja
8934	RJ032696	1.00	ja
8935	RJ034346	1.00	ja
8936	RJ051921	1.00	ja
8939	RJ039904	1.00	ja
8940	RJ044863	1.00	ja
8943	RJ128151	1.00	ja
8958	RJ079656	1.00	alias
8959	RJ079658	1.00	ja
8961	RJ079659	0.93	ja
8969	VJ007165	1.00	ja
8975	VJ006738	1.00	ja
8978	RJ032559	1.00	ja
8989	RJ017698	1.00	ja
8991	RJ228398	0.67	ja
8992	RJ037585	1.00	ja
9014	VJ010343	1.00	ja
9017	VJ009292	0.94	ja
9023	VJ008060	1.00	ja
9024	VJ009589	1.00	ja
9033	VJ010624	1.00	ja
9043	RJ069343	1.00	ja
9046	RJ023819	1.00	ja
9047	RJ280062	1.00	ja
9049	RJ168046	1.00	ja
9050	VJ009087	1.00	ja
9055	RJ119245	1.00	ja
9064	VJ008293	1.00	ja
9067	VJ006951	1.00	ja
9068	VJ002089	1.00	ja
9076	VJ007797	1.00	ja
9080	RJ059806	1.00	ja
9081	VJ007313	1.00	ja
9095	VJ002019	1.00	ja
9104	VJ007644	1.00	ja
9105	RJ052259	1.00	ja
9107	RJ036495	1.00	ja
9111	RJ023237	1.00	ja
9115	VJ002154	1.00	ja
9117	RJ01261292	1.00	ja
9118	RJ268671	1.00	ja
9121	RJ087566	1.00	ja
9123	RJ175291	1.00	ja
9142	VJ002694	1.00	alias
9143	RJ01482095	1.00	ja
9154	RJ033890	1.00	ja
9159	VJ001359	1.00	ja
9161	RJ01564438	1.00	ja
9164	VJ001311	1.00	alias
9166	VJ013031	1.00	ja
9167	VJ004450	1.00	ja
9169	VJ005735	1.00	ja
9171	VJ009529	1.00	ja
9172	VJ002513	1.00	ja
9179	VJ002702	1.00	ja
9185	VJ004410	1.00	ja
9187	VJ011748	0.62	ja
9192	VJ001280	1.00	ja
9194	RJ054897	1.00	ja
9210	VJ008890	1.00	ja
9212	VJ002528	1.00	ja
9213	RJ335685	1.00	ja
9215	VJ003320	1.00	ja
9217	VJ001753	1.00	ja
9218	VJ006409	1.00	ja
9223	VJ011157	1.00	ja
9224	VJ002821	1.00	ja
9232	VJ006637	1.00	ja
9235	VJ009453	1.00	ja
9236	VJ002813	1.00	ja
9240	VJ008710	1.00	ja
9244	RJ128317	1.00	ja
9245	VJ001001	1.00	alias
9247	RJ168309	0.94	ja
9248	VJ001886	1.00	ja
9254	RJ214107	1.00	ja
9261	VJ007842	1.00	ja
9271	VJ001533	1.00	ja
9278	RJ296481	0.97	ja
9280	RJ044704	1.00	ja
9282	VJ005432	1.00	ja
9284	VJ005433	1.00	ja
9286	RJ277078	1.00	ja
9291	VJ001393	1.00	ja
9293	VJ006198	1.00	alias
9299	VJ010575	1.00	ja
9301	RJ235924	1.00	ja
9303	RJ166277	1.00	ja
9305	RJ067224	1.00	ja
9314	VJ011695	1.00	ja
9315	RJ016859	1.00	ja
9333	RJ007905	1.00	ja
9334	RJ01229342	1.00	ja
9335	RJ014106	1.00	ja
9336	VJ002410	1.00	ja
9349	VJ001847	1.00	ja
9350	VJ002272	1.00	ja
9353	VJ012454	1.00	ja
9354	VJ004541	1.00	ja
9356	VJ001911	1.00	ja
9359	VJ006107	1.00	ja
9360	VJ001454	1.00	ja
9361	VJ008638	1.00	ja
9363	VJ010485	1.00	ja
9368	VJ001671	1.00	ja
9371	VJ008184	1.00	ja
9372	RJ117562	1.00	ja
9380	VJ007669	1.00	ja
9381	VJ005713	0.90	ja
9390	RJ038720	1.00	ja
9391	RJ120973	1.00	ja
9393	VJ009160	1.00	ja
9396	RJ01575169	1.00	ja
9414	VJ006781	1.00	ja
9416	VJ007879	1.00	ja
9417	VJ005698	1.00	ja
9418	VJ008051	1.00	ja
9422	RJ129743	1.00	ja
9424	VJ001370	1.00	ja
9431	RJ092729	1.00	ja
9435	RJ049521	1.00	ja
9438	VJ003719	1.00	ja
9439	VJ003706	1.00	ja
9447	VJ010924	1.00	ja
9449	RJ076533	1.00	ja
9454	VJ007193	1.00	ja
9458	VJ009269	1.00	ja
9466	RJ027784	1.00	ja
9467	VJ003388	1.00	ja
9468	VJ006104	1.00	ja
9470	VJ007270	1.00	ja
9471	RJ027952	1.00	alias
9473	RJ01076401	1.00	ja
9544	VJ009693	1.00	ja
9594	VJ005705	1.00	ja
9656	VJ005320	1.00	ja
9659	VJ003957	1.00	ja
9660	VJ007280	1.00	ja
9696	VJ002349	1.00	ja
9723	VJ001726	1.00	ja
9742	RJ037836	1.00	ja
9758	VJ005173	1.00	ja
9838	VJ008222	1.00	ja
9847	VJ003564	1.00	ja
9861	VJ005656	1.00	ja
9873	VJ001487	1.00	alias
9876	VJ006563	1.00	ja
9878	VJ003505	1.00	ja
9907	VJ002960	1.00	ja
9915	VJ005172	1.00	ja
9943	VJ002737	1.00	ja
9950	VJ006935	1.00	ja
9952	VJ009662	1.00	ja
9995	VJ005036	1.00	ja
10043	VJ002870	1.00	ja
10059	VJ004447	1.00	ja
10071	VJ005390	1.00	ja
10237	VJ002118	1.00	alias
10245	RJ046594	1.00	ja
10250	RJ047632	1.00	ja
10251	RJ045291	1.00	alias
10265	VJ001732	1.00	ja
10281	VJ004665	1.00	ja
10321	VJ001222	1.00	ja
10342	VJ003842	1.00	ja
10346	VJ004320	1.00	ja
10380	VJ006565	1.00	ja
10381	RJ034738	1.00	ja
10485	VJ006844	1.00	ja
10486	VJ007001	1.00	ja
10506	RJ046319	1.00	ja
10507	VJ001733	1.00	ja
10586	RJ053979	1.00	ja
10642	RJ053812	1.00	ja
10679	RJ052059	1.00	ja
10681	VJ006971	1.00	ja
10693	VJ005958	1.00	ja
10718	VJ006505	1.00	ja
10720	VJ005293	1.00	ja
10743	RJ044577	1.00	ja
10766	VJ006906	1.00	ja
10789	VJ001652	1.00	ja
10790	VJ001654	1.00	ja
10866	RJ057835	1.00	ja
10924	VJ003650	1.00	ja
10929	VJ002205	1.00	ja
10953	RJ051340	1.00	ja
10970	VJ001820	1.00	ja
11051	VJ002376	1.00	alias
11226	VJ001004	1.00	ja
11375	VJ004967	1.00	ja
11404	VJ006890	1.00	ja
11407	VJ013973	1.00	ja
11419	VJ004738	1.00	ja
11502	VJ002029	1.00	ja
11521	VJ002409	1.00	ja
11565	VJ001064	1.00	ja
11572	RJ058114	1.00	ja
11580	RJ027358	1.00	ja
11582	RJ061877	1.00	ja
11610	RJ063959	1.00	ja
11707	VJ003616	1.00	ja
11708	VJ003710	1.00	ja
11734	VJ006652	1.00	ja
11799	VJ003679	1.00	ja
11819	VJ002858	1.00	ja
11825	VJ002734	1.00	ja
11827	VJ002782	0.88	ja
11830	RJ049139	1.00	ja
11834	RJ056387	1.00	ja
11835	RJ050734	1.00	ja
11883	RJ002056	1.00	ja
11884	RJ007643	1.00	ja
11885	RJ007649	1.00	ja
11886	RJ007686	1.00	ja
11887	RJ007712	1.00	ja
11888	RJ007751	1.00	ja
11891	RJ007838	1.00	ja
11892	RJ007925	1.00	ja
11893	RJ013361	1.00	ja
11894	RJ013637	1.00	ja
11895	RJ015308	1.00	ja
11896	RJ059798	1.00	ja
11917	RJ004832	1.00	alias
11919	RJ013950	1.00	ja
11936	RJ063982	1.00	alias
11951	VJ001258	1.00	ja
11966	VJ004859	1.00	en
11991	RJ076186	1.00	ja
12037	RJ015960	1.00	ja
12038	RJ027074	1.00	ja
12039	RJ049957	1.00	ja
12040	RJ025376	1.00	ja
12041	RJ027229	1.00	ja
12042	RJ028505	1.00	ja
12043	RJ030892	1.00	ja
12044	RJ033731	1.00	ja
12045	RJ036246	1.00	ja
12046	RJ036970	1.00	ja
12047	RJ042633	1.00	ja
12048	RJ041842	1.00	ja
12049	RJ044406	1.00	ja
12050	RJ045865	1.00	ja
12051	RJ049290	1.00	ja
12052	RJ052714	1.00	ja
12053	RJ063236	1.00	ja
12054	RJ065574	1.00	ja
12103	VJ006506	1.00	ja
12163	RJ068833	1.00	ja
12236	VJ005296	1.00	ja
12287	RJ013586	1.00	ja
12387	VJ005520	1.00	ja
12396	RJ022771	1.00	ja
12492	RJ071216	1.00	ja
12511	VJ007024	1.00	ja
12765	VJ005492	1.00	alias
12769	RJ072805	1.00	ja
12779	VJ004861	0.67	ja
12784	VJ005379	1.00	ja
12818	VJ004932	0.94	ja
12830	VJ002739	1.00	ja
12855	RJ072561	1.00	alias
12918	VJ002031	1.00	ja
12939	VJ011333	1.00	ja
12994	RJ022990	1.00	ja
12995	RJ027081	1.00	ja
13012	RJ039585	1.00	ja
13018	VJ007198	1.00	ja
13027	VJ006507	1.00	ja
13067	RJ073758	1.00	ja
13143	VJ006987	1.00	ja
13194	VJ004821	0.88	ja
13216	VJ005879	1.00	ja
13218	VJ008697	1.00	ja
13269	VJ003647	1.00	ja
13339	VJ002633	0.88	ja
13358	VJ005484	1.00	ja
13398	VJ011348	1.00	ja
13461	VJ004448	0.62	ja
13500	RJ041544	1.00	ja
13593	RJ080913	1.00	ja
13616	VJ001419	1.00	ja
13690	VJ007801	1.00	ja
13700	VJ006098	1.00	ja
13739	RJ083942	1.00	ja
13800	RJ036835	1.00	ja
13801	RJ022772	1.00	ja
13809	VJ006100	1.00	ja
13882	VJ006385	1.00	ja
13883	VJ001493	1.00	ja
13884	VJ001256	1.00	ja
13885	VJ001491	1.00	ja
13886	VJ001492	1.00	ja
13991	VJ002649	1.00	ja
14061	VJ007729	1.00	ja
14084	RJ084627	1.00	ja
14085	RJ047136	1.00	ja
14109	RJ051613	1.00	ja
14110	RJ070150	1.00	ja
14113	VJ009297	1.00	ja
14153	VJ007796	1.00	ja
14745	RJ082275	1.00	ja
14757	RJ075586	1.00	ja
14762	RJ027079	1.00	ja
14771	RJ075896	1.00	ja
15055	VJ008409	1.00	ja
15284	VJ006829	1.00	ja
15404	VJ007880	1.00	ja
15406	VJ010856	0.93	ja
15408	VJ006771	1.00	ja
15510	VJ006860	1.00	ja
15540	VJ004953	0.93	ja
15627	RJ056035	1.00	ja
15712	RJ097283	1.00	ja
15736	VJ007683	1.00	ja
15757	RJ095837	1.00	ja
15929	RJ072773	1.00	ja
15940	RJ099970	1.00	ja
16029	RJ102334	1.00	ja
16141	VJ007283	1.00	ja
16257	VJ007474	1.00	ja
16279	VJ007326	1.00	ja
16435	VJ007598	1.00	ja
16596	RJ298804	1.00	ja
16598	RJ039688	1.00	ja
16606	RJ026410	1.00	ja
16635	RJ026355	1.00	ja
16671	VJ007658	1.00	ja
16675	VJ007534	0.99	ja
16772	VJ007831	1.00	ja
16780	VJ007505	1.00	ja
16826	VJ009025	0.91	ja
16828	RJ219406	1.00	ja
16866	VJ007657	1.00	ja
16892	RJ036837	1.00	ja
16896	RJ110134	1.00	ja
16984	RJ108395	1.00	ja
17294	RJ120153	1.00	ja
17307	RJ107904	1.00	ja
17334	VJ007928	1.00	ja
17473	RJ119725	1.00	ja
17826	VJ010873	1.00	ja
17877	RJ122630	1.00	ja
17878	RJ102964	1.00	ja
17879	RJ096434	1.00	ja
17880	RJ090951	1.00	ja
17881	RJ071932	1.00	ja
18011	VJ008087	1.00	ja
18147	VJ008239	1.00	ja
18324	VJ008371	1.00	ja
18347	RJ126024	1.00	ja
18494	RJ128702	1.00	ja
18676	VJ001380	1.00	ja
18697	RJ131736	1.00	ja
18877	VJ008932	1.00	ja
19240	VJ009078	1.00	ja
19262	RJ136880	1.00	ja
19340	RJ139188	1.00	ja
19351	RJ074112	1.00	ja
19528	RJ141048	1.00	ja
19555	VJ009315	1.00	ja
19598	RJ143057	1.00	ja
19638	RJ279877	0.80	ja
19646	RJ135570	1.00	ja
19679	VJ009256	1.00	ja
19716	RJ133246	1.00	ja
19779	RJ145838	1.00	ja
19818	RJ031379	1.00	ja
19877	RJ104304	1.00	ja
19889	VJ009393	1.00	ja
19906	RJ106171	1.00	ja
19988	VJ008962	1.00	ja
20057	VJ009317	1.00	ja
20161	RJ302328	1.00	ja
20200	VJ009386	1.00	ja
20381	VJ013156	1.00	ja
20474	RJ139136	1.00	ja
20661	RJ109284	1.00	ja
20691	RJ118122	1.00	ja
20697	RJ149360	1.00	ja
20698	RJ145648	1.00	ja
20700	RJ138786	1.00	ja
20701	RJ121708	1.00	ja
20702	RJ126241	1.00	ja
20703	RJ115783	1.00	ja
20706	RJ102192	1.00	ja
20785	RJ146765	1.00	ja
20825	RJ152941	1.00	ja
20846	VJ009375	1.00	ja
20931	RJ158976	1.00	ja
20958	VJ009459	1.00	ja
21193	VJ009999	1.00	ja
21256	VJ009537	1.00	ja
21340	RJ102533	1.00	ja
21425	VJ009805	1.00	ja
21429	RJ168154	1.00	ja
21454	RJ152853	1.00	ja
21463	RJ168519	1.00	ja
21510	RJ166375	1.00	ja
21520	VJ010861	1.00	ja
21580	RJ151743	1.00	ja
21592	RJ136188	1.00	ja
21593	RJ136877	1.00	ja
21612	RJ105930	1.00	ja
21631	RJ120628	1.00	ja
21632	RJ130911	1.00	ja
21633	RJ142569	1.00	ja
21636	RJ158796	1.00	ja
21659	RJ173868	1.00	ja
21672	RJ172471	1.00	ja
21737	VJ010189	1.00	ja
21980	RJ179536	1.00	ja
21997	RJ181074	0.98	ja
22027	VJ010558	1.00	ja
22042	RJ178054	1.00	ja
22098	VJ012662	1.00	ja
22116	RJ223761	1.00	ja
22175	VJ010556	1.00	ja
22277	VJ010906	1.00	ja
22345	RJ185992	1.00	ja
22444	RJ187345	1.00	ja
22453	RJ184424	1.00	ja
22489	RJ185288	1.00	alias
22491	RJ189157	1.00	ja
22518	RJ203530	1.00	ja
22527	VJ010833	1.00	ja
22601	RJ193306	1.00	ja
22611	VJ010823	1.00	ja
22613	VJ011024	1.00	ja
22690	RJ192091	1.00	ja
22752	VJ010888	1.00	ja
22834	RJ198010	1.00	ja
22852	VJ010979	1.00	ja
22859	VJ010993	1.00	ja
22906	RJ007946	1.00	ja
22907	RJ018221	0.83	ja
22915	RJ014062	1.00	ja
22920	RJ018221	1.00	ja
22996	VJ011084	0.69	ja
23007	VJ011072	1.00	ja
23021	VJ011229	1.00	ja
23036	VJ011276	1.00	ja
23043	VJ011095	1.00	ja
23056	RJ028993	1.00	ja
23100	VJ011221	1.00	ja
23159	VJ011480	1.00	ja
23160	VJ011363	1.00	ja
23163	RJ199738	1.00	ja
23300	VJ011477	0.90	ja
23329	RJ208156	1.00	ja
23500	VJ011540	1.00	ja
23510	VJ011475	1.00	ja
23570	VJ011608	1.00	ja
23690	RJ216697	1.00	ja
23824	VJ011833	1.00	ja
23844	RJ206836	1.00	ja
23967	VJ011890	1.00	ja
24036	RJ134398	1.00	ja
24052	VJ012001	1.00	ja
24097	RJ219407	1.00	ja
24195	RJ085428	1.00	ja
24207	RJ075691	1.00	ja
24253	VJ012496	1.00	ja
24297	RJ228183	1.00	ja
24309	RJ234125	1.00	ja
24415	RJ018716	1.00	ja
24419	RJ028240	1.00	ja
24420	RJ034124	1.00	ja
24434	RJ086657	1.00	ja
24463	RJ073186	1.00	ja
24474	RJ070843	1.00	ja
24609	RJ230794	1.00	ja
24619	VJ012328	1.00	ja
24656	RJ098982	1.00	ja
24912	VJ012183	1.00	ja
24924	VJ012129	1.00	ja
24930	RJ232633	1.00	ja
25286	VJ012329	1.00	ja
25315	RJ067145	1.00	ja
25317	RJ181497	1.00	ja
25318	RJ166727	1.00	ja
25393	VJ012360	1.00	ja
25534	RJ241552	1.00	ja
25595	RJ243359	1.00	ja
25677	RJ220533	1.00	ja
25685	RJ249421	1.00	ja
25749	RJ244023	1.00	ja
25932	RJ237409	1.00	ja
25935	RJ247036	1.00	ja
25966	RJ040861	1.00	ja
26053	RJ01467754	1.00	ja
26056	VJ012677	1.00	ja
26133	VJ012766	1.00	ja
26373	RJ213431	1.00	ja
26397	RJ080923	1.00	ja
26407	RJ035426	1.00	ja
26474	RJ015534	1.00	ja
26560	VJ012873	1.00	ja
26592	VJ012928	1.00	ja
26701	RJ081999	1.00	ja
27072	VJ013347	1.00	ja
27091	RJ208158	1.00	ja
27337	VJ013183	1.00	ja
27413	VJ013355	1.00	ja
27784	RJ192554	1.00	ja
27935	RJ275470	1.00	ja
28211	VJ013592	1.00	ja
28213	VJ013708	1.00	ja
28458	RJ283169	1.00	ja
28608	RJ151742	1.00	ja
29033	RJ016907	1.00	ja
29158	VJ014028	1.00	ja
29432	VJ014114	1.00	ja
29517	VJ014334	1.00	ja
29752	RJ316784	1.00	ja
29874	RJ319530	1.00	ja
30086	VJ014502	1.00	ja
30305	RJ306788	1.00	ja
30342	RJ334378	0.97	ja
30577	RJ01052820	1.00	ja
30786	RJ249266	1.00	ja
30787	RJ257638	1.00	ja
30788	RJ264169	1.00	ja
30789	RJ278449	1.00	ja
30790	RJ294114	1.00	ja
30976	VJ014939	1.00	ja
31017	RJ360799	1.00	ja
31070	RJ337505	1.00	ja
31244	RJ342314	1.00	ja
31496	RJ345897	1.00	ja
31828	RJ159593	1.00	ja
31905	RJ214974	1.00	ja
31906	RJ256279	1.00	ja
31916	RJ233992	0.63	ja
32259	RJ334920	1.00	ja
32315	VJ015421	1.00	ja
32588	RJ361980	1.00	ja
32652	VJ015310	1.00	ja
32690	RJ01088980	1.00	ja
34147	RJ390354	1.00	ja
34236	RJ380617	1.00	ja
34386	VJ015316	1.00	ja
35513	RJ01092026	1.00	ja
36005	RJ047151	1.00	ja
36058	RJ015811	1.00	ja
36498	RJ01003428	1.00	ja
37073	VJ015503	1.00	ja
37842	RJ028989	1.00	ja
38104	RJ065645	1.00	ja
38194	RJ026837	1.00	ja
38195	RJ031966	1.00	ja
39179	RJ01059271	1.00	ja
39996	RJ331203	1.00	ja
41895	RJ415619	1.00	ja
41896	RJ341094	1.00	ja
41897	RJ297696	1.00	ja
43125	RJ278273	1.00	ja
43639	RJ01075734	1.00	ja
44133	RJ01118480	1.00	ja
45543	RJ01122463	1.00	ja
45876	RJ01167793	1.00	ja
46217	RJ01133834	1.00	ja
46456	RJ01032903	1.00	ja
47437	RJ01227019	1.00	ja
47474	RJ01069245	1.00	ja
47840	RJ01201220	1.00	ja
48368	RJ01349037	1.00	ja
48637	RJ312869	1.00	en
48638	RJ01129482	1.00	ja
48807	RJ01102109	1.00	ja
48864	RJ01300607	1.00	ja
48994	RJ01221854	1.00	ja
49157	RJ01259274	1.00	ja
50312	RJ370402	1.00	ja
50993	RJ01354393	1.00	ja
51872	RJ01424246	1.00	ja
52523	RJ01374641	1.00	ja
55101	RJ01453875	1.00	ja
55266	RJ01388981	1.00	ja
55781	RJ01203767	1.00	ja
55958	RJ01397284	1.00	ja
57829	RJ01272421	0.96	ja
58031	RJ01559823	1.00	ja
58194	RJ01557970	1.00	ja
58801	RJ01554879	1.00	ja
58915	RJ01436672	1.00	ja
59480	RJ01620093	0.89	ja
60062	RJ01299257	1.00	ja
60963	RJ01624849	1.00	ja
61112	RJ01296782	1.00	zh
61118	RJ01637416	1.00	ja
61119	RJ01271506	1.00	ja
61120	RJ01549336	1.00	ja
61144	RJ249908	1.00	ja
61148	RJ01241396	1.00	zh
61164	RJ01592761	1.00	ja
61177	RJ01649048	1.00	ja
61413	RJ01532102	1.00	ja
61630	RJ01268751	1.00	ja
61657	RJ01063464	1.00	en
206727	RJ039036	1.00	ja
206728	RJ058705	1.00	ja
206731	RJ01022167	1.00	zh
211869	VJ005703	0.73	en
211940	VJ006698	1.00	alias
212497	VJ013415	1.00	ja
215085	RJ376315	1.00	ja
226559	RJ01659307	1.00	ja
226790	RJ220536	1.00	zh
226791	RJ220535	1.00	zh
226891	RJ01673377	1.00	ja
270915	RJ01214867	1.00	ja
